"","R.N","FROM","TO","prs","revenue"
"1","107","ASAPUR","CANTT RLY STATION",5,110
"2","107","ASAPUR","LANKA",3,99
"3","107","ASAPUR","PANDEYPUR",1,17
"4","107","ASAPUR","POLICE LINE",1,17
"5","107","ASAPUR","SIGRA",4,88
"6","107","ASAPUR","VIDYAPEETH",1,22
"7","107","BHELUPUR","CANTT RLY
STATION",3,51
"8","107","BHELUPUR","PAHARIYA",2,44
"9","107","BHELUPUR","POLICE LINE",1,22
"10","107","CANTT RLY STATION","ASAPUR",2,44
"11","107","CANTT RLY STATION","DURGA KUND",6,102
"12","107","CANTT RLY STATION","LANKA",17,374
"13","107","CANTT RLY STATION","PAHARIYA",2,34
"14","107","CANTT RLY STATION","PANDEYPUR",2,34
"15","107","CANTT RLY STATION","RATHYATRA",1,12
"16","107","CANTT RLY STATION","RAVINDERPURI",3,51
"17","107","CANTT RLY STATION","SARNATH MUSEAM",11,242
"18","107","CANTT RLY
STATION","ASAPUR",2,44
"19","107","CANTT RLY
STATION","BHELUPUR",1,17
"20","107","CANTT RLY
STATION","DURGA KUND",9,153
"21","107","CANTT RLY
STATION","LANKA",15,330
"22","107","CANTT RLY
STATION","PAHARIYA",4,68
"23","107","CANTT RLY
STATION","PANDEYPUR",1,17
"24","107","CANTT RLY
STATION","SARNATH
MUSEAM",1,22
"25","107","CHAUKAGHAT","ASAPUR",3,66
"26","107","DURGA KUND","CANTT RLY STATION",2,34
"27","107","DURGA KUND","PANDEYPUR",2,44
"28","107","HAVELIYA
CHAURAHA","CANTT RLY STATION",8,176
"29","107","HAVELIYA
CHAURAHA","DURGA KUND",2,66
"30","107","HAVELIYA
CHAURAHA","SIGRA",2,54
"31","107","KHAJURI","ASAPUR",1,17
"32","107","KHAJURI","CANTT RLY
STATION",3,36
"33","107","LANKA","ASAPUR",10,330
"34","107","LANKA","BHELUPUR",2,34
"35","107","LANKA","CANTT RLY STATION",39,858
"36","107","LANKA","CANTT RLY
STATION",25,550
"37","107","LANKA","CHAUKAGHAT",5,110
"38","107","LANKA","PAHARIYA",5,135
"39","107","LANKA","PANDEYPUR",10,270
"40","107","LANKA","POLICE LINE",2,54
"41","107","LANKA","RATHYATRA",3,51
"42","107","LANKA","RAVINDERPURI",1,12
"43","107","LANKA","SARNATH MUSEAM",10,330
"44","107","LANKA","SARNATH RLY",1,33
"45","107","LANKA","SARNATH
MUSEAM",7,231
"46","107","LANKA","SIGRA",9,153
"47","107","LANKA","VIDYAPEETH",1,22
"48","107","PAHARIYA","BHELUPUR",2,44
"49","107","PAHARIYA","CANTT RLY STATION",3,51
"50","107","PAHARIYA","LANKA",1,27
"51","107","PAHARIYA","SARNATH
MUSEAM",1,17
"52","107","PANDEYPUR","ASAPUR",2,34
"53","107","PANDEYPUR","BHELUPUR",1,22
"54","107","PANDEYPUR","CANTT RLY STATION",4,68
"55","107","PANDEYPUR","CANTT RLY
STATION",1,17
"56","107","PANDEYPUR","DURGA KUND",5,110
"57","107","PANDEYPUR","LANKA",4,108
"58","107","PANDEYPUR","RATHYATRA",1,22
"59","107","PANDEYPUR","SARNATH
MUSEAM",2,34
"60","107","PANDEYPUR","VIDYAPEETH",1,17
"61","107","POLICE LINE","ASAPUR",2,34
"62","107","POLICE LINE","CANTT RLY STATION",1,12
"63","107","POLICE LINE","LANKA",1,27
"64","107","POLICE LINE","SARNATH MUSEAM",1,22
"65","107","POLICE LINE","VIDYAPEETH",1,17
"66","107","PURANA RTO","DURGA KUND",1,27
"67","107","PURANA RTO","LANKA",1,33
"68","107","PURANA RTO","SARNATH
MUSEAM",5,60
"69","107","RATHYATRA","DURGA KUND",2,24
"70","107","RATHYATRA","LANKA",4,68
"71","107","RATHYATRA","PANDEYPUR",1,22
"72","107","RATHYATRA","VIDYAPEETH",1,12
"73","107","SARNATH MUSEAM","CANTT RLY STATION",13,286
"74","107","SARNATH MUSEAM","DURGA KUND",6,198
"75","107","SARNATH MUSEAM","LANKA",5,165
"76","107","SARNATH MUSEAM","PAHARIYA",1,17
"77","107","SARNATH MUSEAM","PANDEYPUR",1,17
"78","107","SARNATH MUSEAM","RAVIDAS GATE",13,429
"79","107","SARNATH MUSEAM","SIGRA",1,27
"80","107","SARNATH
MUSEAM","CANTT RLY
STATION",5,110
"81","107","SARNATH
MUSEAM","DURGA KUND",1,33
"82","107","SARNATH
MUSEAM","LANKA",2,66
"83","107","SARNATH
MUSEAM","PANDEYPUR",2,34
"84","107","SARNATH
MUSEAM","RATHYATRA",10,270
"85","107","SARNATH
MUSEAM","SIGRA",2,54
"86","107","SIGRA","LANKA",1,17
"87","107","SIGRA","PANDEYPUR",2,34
"88","107","VIDYAPEETH","PANDEYPUR",2,34
"89","107(B)2","BHELUPUR","CANTT RLY STATION",2,34
"90","107(B)2","BHELUPUR","CANTT RLY
STATION",2,34
"91","107(B)2","BHELUPUR","VIDYAPEETH",2,24
"92","107(B)2","BHULLANPUR","CANTT RLY STATION",1,22
"93","107(B)2","BHULLANPUR","CANTT RLY
STATION",4,88
"94","107(B)2","BOULIA","RAJATALAB",1,27
"95","107(B)2","CANTT RLY STATION","BHELUPUR",3,51
"96","107(B)2","CANTT RLY STATION","BHULLANPUR",5,110
"97","107(B)2","CANTT RLY STATION","BOULIA",1,12
"98","107(B)2","CANTT RLY STATION","CHANDPUR
CHAURAHA",4,68
"99","107(B)2","CANTT RLY STATION","DURGA KUND",4,68
"100","107(B)2","CANTT RLY STATION","KIT",1,38
"101","107(B)2","CANTT RLY STATION","LANKA",24,528
"102","107(B)2","CANTT RLY STATION","MIRZAMURAD BAZAR",3,129
"103","107(B)2","CANTT RLY STATION","MIRZAMURAD E
STATION",1,43
"104","107(B)2","CANTT RLY STATION","MODHAILA",1,17
"105","107(B)2","CANTT RLY STATION","MOHANSARAI",14,378
"106","107(B)2","CANTT RLY STATION","RAJATALAB",12,396
"107","107(B)2","CANTT RLY STATION","RAKHAUNA",1,38
"108","107(B)2","CANTT RLY STATION","RATHYATRA",5,60
"109","107(B)2","CANTT RLY STATION","RAVINDERPURI",2,34
"110","107(B)2","CANTT RLY STATION","ROHANIA",6,132
"111","107(B)2","CANTT RLY STATION","SADHU KI KUTIYA",1,38
"112","107(B)2","CANTT RLY STATION","SAHABABAD",2,54
"113","107(B)2","CANTT RLY STATION","SIGRA",1,12
"114","107(B)2","CANTT RLY
STATION","BHELUPUR",2,34
"115","107(B)2","CANTT RLY
STATION","CHANDPUR
CHAURAHA",3,51
"116","107(B)2","CANTT RLY
STATION","DURGA KUND",6,102
"117","107(B)2","CANTT RLY
STATION","KIT",3,114
"118","107(B)2","CANTT RLY
STATION","LANKA",22,484
"119","107(B)2","CANTT RLY
STATION","MIRZAMURAD
BAZAR",1,43
"120","107(B)2","CANTT RLY
STATION","MODHAILA",4,68
"121","107(B)2","CANTT RLY
STATION","MOHANSARAI",6,162
"122","107(B)2","CANTT RLY
STATION","RAJATALAB",1,33
"123","107(B)2","CANTT RLY
STATION","SAHABABAD",2,54
"124","107(B)2","CHANDPUR
CHAURAHA","CANTT RLY STATION",2,34
"125","107(B)2","CHANDPUR
CHAURAHA","CANTT RLY
STATION",5,85
"126","107(B)2","CHANDPUR
CHAURAHA","JAGATPUR",1,17
"127","107(B)2","CHANDPUR
CHAURAHA","MIRZAMURAD BAZAR",2,76
"128","107(B)2","CHANDPUR
CHAURAHA","MOHANSARAI",1,22
"129","107(B)2","JAGATPUR","CANTT RLY STATION",4,88
"130","107(B)2","KIT","CANTT RLY STATION",2,76
"131","107(B)2","LAHARTARA","MOHANSARAI",3,81
"132","107(B)2","LANKA","CANTT RLY STATION",46,1012
"133","107(B)2","LANKA","CANTT RLY
STATION",23,506
"134","107(B)2","LANKA","RATHYATRA",12,204
"135","107(B)2","LANKA","SIGRA",7,119
"136","107(B)2","LANKA","VIDYAPEETH",2,44
"137","107(B)2","MIRZAMURAD BAZAR","BOULIA",1,38
"138","107(B)2","MIRZAMURAD
BAZAR","LANKA",1,48
"139","107(B)2","MODHAILA","CANTT RLY STATION",2,34
"140","107(B)2","MODHAILA","CANTT RLY
STATION",3,51
"141","107(B)2","MOHANSARAI","CANTT RLY STATION",3,81
"142","107(B)2","MOHANSARAI","LAHARTARA",1,27
"143","107(B)2","RAJATALAB","BOULIA",1,27
"144","107(B)2","RAJATALAB","CANTT RLY STATION",3,99
"145","107(B)2","RAJATALAB","CANTT RLY
STATION",6,198
"146","107(B)2","RAJATALAB","CHANDPUR
CHAURAHA",1,27
"147","107(B)2","RAJATALAB","MODHAILA",1,27
"148","107(B)2","RAJATALAB","SADHU KI KUTIYA",2,34
"149","107(B)2","RAKHAUNA","BHULLANPUR",1,27
"150","107(B)2","RAKHAUNA","CANTT RLY STATION",1,38
"151","107(B)2","RAKHAUNA","CANTT RLY
STATION",1,38
"152","107(B)2","RAKHAUNA","LANKA",1,43
"153","107(B)2","RATHYATRA","CANTT RLY
STATION",1,12
"154","107(B)2","RAVIDAS GATE","RATHYATRA",1,17
"155","107(B)2","RAVINDERPURI","CANTT RLY STATION",3,51
"156","107(B)2","ROHANIA","BHELUPUR",1,27
"157","107(B)2","ROHANIA","CANTT RLY STATION",3,66
"158","107(B)2","ROHANIA","CANTT RLY
STATION",7,154
"159","107(B)2","ROHANIA","MOHANSARAI",4,68
"160","107(B)2","SADHU KI KUTIYA","CANTT RLY STATION",1,38
"161","107(B)2","SADHU KI
KUTIYA","CANTT RLY
STATION",2,76
"162","107(B)2","SAHABABAD","BHULLANPUR",1,17
"163","107(B)2","SAHABABAD","CANTT RLY STATION",2,54
"164","107(B)2","SIGRA","LANKA",4,68
"165","109(A)","BOULIA","CHANDPUR
CHAURAHA",1,12
"166","109(A)","BOULIA","MIRZAMURAD BAZAR",1,38
"167","109(A)","BOULIA","MOHANSARAI",1,27
"168","109(A)","BOULIA","RAJATALAB",6,162
"169","109(A)","BOULIA","ROHANIA",2,34
"170","109(A)","BOULIA","SADHU KI KUTIYA",6,198
"171","109(A)","CANTT RLY STATION","BHULLANPUR",2,44
"172","109(A)","CANTT RLY STATION","CHANDPUR
CHAURAHA",5,85
"173","109(A)","CANTT RLY STATION","JAGATPUR",11,242
"174","109(A)","CANTT RLY STATION","KAZZAKPURA",2,34
"175","109(A)","CANTT RLY STATION","KIT",8,304
"176","109(A)","CANTT RLY STATION","MIRZAMURAD BAZAR",3,129
"177","109(A)","CANTT RLY STATION","MIRZAMURAD
BAZAR",10,430
"178","109(A)","CANTT RLY STATION","MODHAILA",6,102
"179","109(A)","CANTT RLY STATION","MOHANSARAI",18,486
"180","109(A)","CANTT RLY STATION","RAJATALAB",31,1023
"181","109(A)","CANTT RLY STATION","ROHANIA",6,132
"182","109(A)","CANTT RLY STATION","SADHU KI KUTIYA",5,190
"183","109(A)","CANTT RLY STATION","SAHABABAD",3,81
"184","109(A)","CHANDPUR
CHAURAHA","BHADAU CHOURAHA",3,66
"185","109(A)","CHANDPUR
CHAURAHA","CANTT RLY STATION",1,17
"186","109(A)","CHANDPUR
CHAURAHA","KIT",3,99
"187","109(A)","CHANDPUR
CHAURAHA","MIRZAMURAD BAZAR",2,76
"188","109(A)","CHANDPUR
CHAURAHA","MIRZAMURAD
BAZAR",4,152
"189","109(A)","CHANDPUR
CHAURAHA","MOHANSARAI",1,22
"190","109(A)","CHANDPUR
CHAURAHA","RAJATALAB",1,27
"191","109(A)","CHANDPUR
CHAURAHA","ROHANIA",1,12
"192","109(A)","CHAUKAGHAT","KIT",2,76
"193","109(A)","CHAUKAGHAT","RAJATALAB",1,33
"194","109(A)","CITY RAILWAY
STATION","CANTT RLY STATION",5,60
"195","109(A)","CITY RAILWAY
STATION","CHANDPUR
CHAURAHA",1,22
"196","109(A)","CITY RAILWAY
STATION","RAJATALAB",1,33
"197","109(A)","CITY RAILWAY
STATION","ROHANIA",1,22
"198","109(A)","CITY RAILWAY
STATION","SAHABABAD",2,54
"199","109(A)","GOLGADDA","CANTT RLY STATION",1,12
"200","109(A)","JAGATPUR","CANTT RLY STATION",1,22
"201","109(A)","JAGATPUR","RAJATALAB",1,22
"202","109(A)","KAZZAKPURA","CANTT RLY STATION",1,17
"203","109(A)","KIT","CANTT RLY STATION",1,38
"204","109(A)","KIT","CHANDPUR
CHAURAHA",2,66
"205","109(A)","KIT","CHAUKAGHAT",1,38
"206","109(A)","KIT","MOHANSARAI",5,110
"207","109(A)","KIT","RAJGHAT",3,129
"208","109(A)","LAHARTARA","MOHANSARAI",1,27
"209","109(A)","MIRZAMURAD BAZAR","CANTT RLY STATION",2,86
"210","109(A)","MIRZAMURAD
BAZAR","MODHAILA",1,33
"211","109(A)","MODHAILA","CANTT RLY STATION",1,17
"212","109(A)","MODHAILA","RAJATALAB",2,54
"213","109(A)","MODHAILA","SAHABABAD",1,17
"214","109(A)","MOHANSARAI","BHADAU CHOURAHA",1,33
"215","109(A)","MOHANSARAI","BHULLANPUR",1,22
"216","109(A)","MOHANSARAI","CANTT RLY STATION",10,270
"217","109(A)","MOHANSARAI","CHANDPUR
CHAURAHA",1,22
"218","109(A)","RAJATALAB","BHULLANPUR",1,22
"219","109(A)","RAJATALAB","BOULIA",1,27
"220","109(A)","RAJATALAB","CANTT RLY STATION",4,132
"221","109(A)","RAJATALAB","CHANDPUR
CHAURAHA",2,54
"222","109(A)","RAJATALAB","CITY RAILWAY
STATION",2,66
"223","109(A)","RAJGHAT","CANTT RLY STATION",10,170
"224","109(A)","RAKHAUNA","CANTT RLY STATION",2,76
"225","109(A)","RAKHAUNA","JAGATPUR",1,22
"226","109(A)","ROHANIA","CANTT RLY STATION",3,66
"227","109(A)","ROHANIA","CITY RAILWAY
STATION",3,66
"228","109(A)","ROHANIA","MIRZAMURAD
BAZAR",3,99
"229","109(A)","ROHANIA","MOHANSARAI",1,17
"230","109(A)","ROHANIA","RAJGHAT",1,27
"231","109(A)","ROHANIA","SADHU KI KUTIYA",1,27
"232","109(A)","SADHU KI KUTIYA","CANTT RLY STATION",2,76
"233","109(A)","SADHU KI KUTIYA","CHANDPUR
CHAURAHA",1,33
"234","109(A)","SAHABABAD","CANTT RLY STATION",2,54
"235","109(A)","SAHABABAD","CITY RAILWAY
STATION",1,27
"236","109(B)","BHADAU CHOURAHA","CANTT RLY STATION",2,34
"237","109(B)","BHADAU CHOURAHA","LANKA",1,33
"238","109(B)","BHELUPUR","CANTT RLY STATION",1,17
"239","109(B)","BHELUPUR","CITY RAILWAY
STATION",1,17
"240","109(B)","CANTT RLY STATION","KAZZAKPURA",1,17
"241","109(B)","CANTT RLY STATION","LANKA",3,66
"242","109(B)","CANTT RLY STATION","RAJGHAT",4,68
"243","109(B)","CANTT RLY STATION","SUNDERPUR",2,44
"244","109(B)","CITY RAILWAY
STATION","CANTT RLY STATION",1,12
"245","109(B)","CITY RAILWAY
STATION","LANKA",1,27
"246","109(B)","DURGA KUND","CANTT RLY STATION",4,68
"247","109(B)","DURGA KUND","RATHYATRA",1,12
"248","109(B)","KAZZAKPURA","BHELUPUR",1,33
"249","109(B)","KAZZAKPURA","DLW",1,22
"250","109(B)","KAZZAKPURA","LANKA",1,33
"251","109(B)","LANKA","BHADAU
CHOURAHA",1,27
"252","109(B)","LANKA","CANTT RLY STATION",58,1276
"253","109(B)","LANKA","CHAUKAGHAT",5,110
"254","109(B)","LANKA","CITY RAILWAY
STATION",36,792
"255","109(B)","LANKA","KAZZAKPURA",1,27
"256","109(B)","LANKA","RAJGHAT",22,594
"257","109(B)","LANKA","RATHYATRA",4,68
"258","109(B)","LANKA","RAVINDERPURI",1,12
"259","109(B)","LANKA","SIGRA",17,289
"260","109(B)","LANKA","VIDYAPEETH",2,44
"261","109(B)","RAJGHAT","BHIKARIPUR
CROSSING",4,108
"262","109(B)","RAJGHAT","CANTT RLY STATION",5,110
"263","109(B)","RAJGHAT","DURGA KUND",1,33
"264","109(B)","RAJGHAT","LANKA",5,165
"265","109(B)","RAJGHAT","MANDUADIH",2,54
"266","109(B)","RAVIDAS GATE","BHELUPUR",1,12
"267","109(B)","RAVIDAS GATE","CANTT RLY STATION",1,22
"268","109(B)","RAVIDAS GATE","VIDYAPEETH",1,17
"269","109(B)","RAVINDERPURI","CANTT RLY STATION",2,34
"270","109(B)","SIGRA","RAJGHAT",6,132
"271","109(B)","VIDYAPEETH","BHADAU CHOURAHA",1,17
"272","111(A)","BHELUPUR","RAVIDAS GATE",1,12
"273","111(A)","BHULLANPUR","CANTT RLY STATION",1,22
"274","111(A)","BOULIA","BHULLANPUR",1,17
"275","111(A)","BOULIA","MOHANSARAI",1,27
"276","111(A)","BOULIA","RAJATALAB",3,81
"277","111(A)","CANTT RLY STATION","CHANDPUR
CHAURAHA",2,34
"278","111(A)","CANTT RLY STATION","DURGA KUND",8,136
"279","111(A)","CANTT RLY STATION","JAGATPUR",8,176
"280","111(A)","CANTT RLY STATION","LANKA",32,704
"281","111(A)","CANTT RLY STATION","MIRZAMURAD BAZAR",8,344
"282","111(A)","CANTT RLY STATION","MIRZAMURAD
BAZAR",2,86
"283","111(A)","CANTT RLY STATION","MODHAILA",6,102
"284","111(A)","CANTT RLY STATION","MOHANSARAI",12,324
"285","111(A)","CANTT RLY STATION","RAJATALAB",4,132
"286","111(A)","CANTT RLY STATION","RATHYATRA",1,12
"287","111(A)","CANTT RLY STATION","RAVINDERPURI",3,51
"288","111(A)","CANTT RLY STATION","ROHANIA",14,308
"289","111(A)","CANTT RLY STATION","SADHU KI KUTIYA",2,76
"290","111(A)","CANTT RLY
STATION","BHELUPUR",1,17
"291","111(A)","CANTT RLY
STATION","BHULLANPUR",1,22
"292","111(A)","CANTT RLY
STATION","BOULIA",1,12
"293","111(A)","CANTT RLY
STATION","CHANDPUR
CHAURAHA",3,51
"294","111(A)","CANTT RLY
STATION","DURGA KUND",5,85
"295","111(A)","CANTT RLY
STATION","JAGATPUR",2,44
"296","111(A)","CANTT RLY
STATION","KIT",1,38
"297","111(A)","CANTT RLY
STATION","LANKA",38,836
"298","111(A)","CANTT RLY
STATION","MIRZAMURAD
BAZAR",4,172
"299","111(A)","CANTT RLY
STATION","MOHANSARAI",8,216
"300","111(A)","CANTT RLY
STATION","RAJATALAB",5,165
"301","111(A)","CANTT RLY
STATION","RATHYATRA",3,36
"302","111(A)","CANTT RLY
STATION","RAVINDERPURI",2,34
"303","111(A)","CANTT RLY
STATION","ROHANIA",7,154
"304","111(A)","CANTT RLY
STATION","SADHU KI KUTIYA",2,76
"305","111(A)","CHANDPUR
CHAURAHA","CANTT RLY
STATION",1,17
"306","111(A)","CHANDPUR
CHAURAHA","RAJATALAB",1,27
"307","111(A)","CHANDPUR
CHAURAHA","SADHU KI KUTIYA",1,33
"308","111(A)","CHANDPUR
CHAURAHA","SAHABABAD",1,22
"309","111(A)","JAGATPUR","LANKA",4,132
"310","111(A)","KIT","CANTT RLY
STATION",1,38
"311","111(A)","KIT","CHANDPUR
CHAURAHA",2,66
"312","111(A)","KIT","RAJATALAB",3,51
"313","111(A)","KIT","SAHABABAD",1,27
"314","111(A)","LAHARTARA","MIRZAMURAD
BAZAR",1,38
"315","111(A)","LAHARTARA","RATHYATRA",1,17
"316","111(A)","LANKA","CANTT RLY STATION",1,22
"317","111(A)","MIRZAMURAD BAZAR","LAHARTARA",1,38
"318","111(A)","MIRZAMURAD
BAZAR","CANTT RLY STATION",1,43
"319","111(A)","MIRZAMURAD
BAZAR","CANTT RLY
STATION",2,86
"320","111(A)","MIRZAMURAD
BAZAR","LANKA",1,48
"321","111(A)","MIRZAMURAD
BAZAR","MOHANSARAI",2,54
"322","111(A)","MIRZAMURAD
BAZAR","SAHABABAD",1,27
"323","111(A)","MODHAILA","CANTT RLY STATION",4,68
"324","111(A)","MOHANSARAI","CANTT RLY STATION",7,189
"325","111(A)","MOHANSARAI","CANTT RLY
STATION",4,108
"326","111(A)","MOHANSARAI","RAVINDERPURI",1,33
"327","111(A)","MOHANSARAI","SAHABABAD",1,12
"328","111(A)","RAJATALAB","CANTT RLY STATION",1,33
"329","111(A)","RAJATALAB","CANTT RLY
STATION",1,33
"330","111(A)","RAKHAUNA","LANKA",1,43
"331","111(A)","RATHYATRA","DURGA KUND",1,12
"332","111(A)","RATHYATRA","LANKA",5,85
"333","111(A)","ROHANIA","CANTT RLY
STATION",4,88
"334","111(A)","SADHU KI KUTIYA","CANTT RLY STATION",1,38
"335","111(A)","SAHABABAD","CANTT RLY
STATION",2,54
"336","111(A)","SIGRA","LANKA",5,85
"337","111(A)","VIDYAPEETH","LANKA",1,22
"338","111(B)","BHELUPUR","CANTT RLY STATION",5,85
"339","111(B)","BHELUPUR","CANTT RLY
STATION",2,34
"340","111(B)","CANTT RLY STATION","DURGA KUND",5,85
"341","111(B)","CANTT RLY STATION","GIRJAGHAR
CHAURAHA",12,204
"342","111(B)","CANTT RLY STATION","LAHURABIR",1,17
"343","111(B)","CANTT RLY STATION","LANKA",11,242
"344","111(B)","CANTT RLY STATION","RATHYATRA",4,48
"345","111(B)","CANTT RLY
STATION","BHELUPUR",2,34
"346","111(B)","CANTT RLY
STATION","DURGA KUND",17,289
"347","111(B)","CANTT RLY
STATION","GIRJAGHAR
CHAURAHA",9,153
"348","111(B)","CANTT RLY
STATION","LANKA",30,660
"349","111(B)","CANTT RLY
STATION","RAVIDAS GATE",1,22
"350","111(B)","CANTT RLY
STATION","RAVINDERPURI",9,153
"351","111(B)","CANTT RLY
STATION","SIGRA",1,12
"352","111(B)","CHETGANJ","CANTT RLY STATION",4,48
"353","111(B)","CHETGANJ","CANTT RLY
STATION",1,12
"354","111(B)","CHETGANJ","CHAUKAGHAT",1,12
"355","111(B)","DURGA KUND","CANTT RLY STATION",6,102
"356","111(B)","DURGA KUND","CANTT RLY
STATION",3,51
"357","111(B)","DURGA KUND","RATHYATRA",3,36
"358","111(B)","DURGA KUND","SIGRA",1,17
"359","111(B)","GIRJAGHAR
CHAURAHA","CANTT RLY STATION",87,1479
"360","111(B)","GIRJAGHAR
CHAURAHA","CANTT RLY
STATION",116,1972
"361","111(B)","GIRJAGHAR
CHAURAHA","CHAUKAGHAT",44,528
"362","111(B)","GIRJAGHAR
CHAURAHA","LAHURABIR",3,36
"363","111(B)","GIRJAGHAR
CHAURAHA","TALIYABHAG",1,12
"364","111(B)","LAHURABIR","CANTT RLY STATION",2,24
"365","111(B)","LAHURABIR","CANTT RLY
STATION",5,60
"366","111(B)","LANKA","BHELUPUR",1,17
"367","111(B)","LANKA","CANTT RLY STATION",69,1518
"368","111(B)","LANKA","CANTT RLY
STATION",87,1914
"369","111(B)","LANKA","RATHYATRA",3,51
"370","111(B)","LANKA","SIGRA",22,374
"371","111(B)","RATHYATRA","DURGA KUND",1,12
"372","111(B)","RATHYATRA","LAHURABIR",2,24
"373","111(B)","RATHYATRA","LANKA",1,17
"374","111(B)","RAVIDAS GATE","CANTT RLY
STATION",1,22
"375","111(B)","SIGRA","CANTT RLY STATION",2,24
"376","111(B)","SIGRA","GIRJAGHAR
CHAURAHA",3,36
"377","111(B)","SIGRA","RATHYATRA",1,12
"378","111(B)","VIDYAPEETH","RAVIDAS GATE",1,17
"379","E101","AIRPORT ROAD","BHOJUBEER",1,33
"380","E101","AIRPORT ROAD","CANTT RLY STATION",1,38
"381","E101","B.H.E.L.","BHOJUBEER",4,68
"382","E101","B.H.E.L.","LBS AIRPORT",1,27
"383","E101","B.H.E.L.","NADESAR",1,22
"384","E101","BHOJUBEER","CANTT RLY STATION",3,51
"385","E101","BHOJUBEER","LBS AIRPORT",8,264
"386","E101","BHULLANPUR","CANTT RLY STATION",1,22
"387","E101","BOULIA","MOHANSARAI",1,27
"388","E101","BOULIA","RAJATALAB",1,27
"389","E101","CANTT RLY STATION","BHOJUBEER",1,17
"390","E101","CANTT RLY STATION","BHULLANPUR",1,22
"391","E101","CANTT RLY STATION","CHANDPUR
CHAURAHA",15,255
"392","E101","CANTT RLY STATION","GILAT BAZAR",1,22
"393","E101","CANTT RLY STATION","HARHUA",5,165
"394","E101","CANTT RLY STATION","JAGATPUR",4,88
"395","E101","CANTT RLY STATION","KIT",3,114
"396","E101","CANTT RLY STATION","LBS AIRPORT",20,760
"397","E101","CANTT RLY STATION","MIRZAMURAD BAZAR",1,43
"398","E101","CANTT RLY STATION","MIRZAMURAD
BAZAR",5,215
"399","E101","CANTT RLY STATION","MODHAILA",5,85
"400","E101","CANTT RLY STATION","MOHANSARAI",5,135
"401","E101","CANTT RLY STATION","RAJATALAB",11,363
"402","E101","CANTT RLY STATION","ROHANIA",7,154
"403","E101","CANTT RLY STATION","RTO",1,33
"404","E101","CANTT RLY STATION","SADHU KI KUTIYA",4,152
"405","E101","CANTT RLY STATION","SAHABABAD",2,54
"406","E101","CHANDPUR
CHAURAHA","CANTT RLY STATION",6,102
"407","E101","CHANDPUR
CHAURAHA","KACHAHARI",1,22
"408","E101","CHANDPUR
CHAURAHA","RTO",1,38
"409","E101","CIRCUIT HOUSE","CHANDPUR
CHAURAHA",1,22
"410","E101","GILAT BAZAR","CANTT RLY STATION",2,44
"411","E101","GILAT BAZAR","LBS AIRPORT",4,132
"412","E101","HARHUA","CANTT RLY STATION",3,99
"413","E101","HARHUA","LBS AIRPORT",2,44
"414","E101","HARHUA","MOHANSARAI",1,43
"415","E101","HARHUA","ROHANIA",1,38
"416","E101","JAGATPUR","CANTT RLY STATION",4,88
"417","E101","JAGATPUR","KACHAHARI",1,27
"418","E101","JHV MALL","ROHANIA",1,27
"419","E101","KACHAHARI","AGRASEN MOD",1,17
"420","E101","KACHAHARI","CANTT RLY STATION",1,17
"421","E101","KACHAHARI","RAJATALAB",1,38
"422","E101","KIT","CANTT RLY STATION",4,152
"423","E101","LAHARTARA","LBS AIRPORT",1,43
"424","E101","LBS AIRPORT","BHOJUBEER",1,33
"425","E101","LBS AIRPORT","CANTT RLY STATION",24,912
"426","E101","LBS AIRPORT","CHANDPUR
CHAURAHA",1,43
"427","E101","LBS AIRPORT","CIRCUIT HOUSE",2,66
"428","E101","LBS AIRPORT","HARHUA",4,88
"429","E101","MIRZAMURAD BAZAR","BHOJUBEER",1,48
"430","E101","MIRZAMURAD BAZAR","CANTT RLY STATION",3,129
"431","E101","MIRZAMURAD BAZAR","LAHARTARA",1,38
"432","E101","MIRZAMURAD
BAZAR","B.H.E.L.",3,144
"433","E101","MIRZAMURAD
BAZAR","CANTT RLY STATION",2,86
"434","E101","MIRZAMURAD
BAZAR","GILAT BAZAR",1,48
"435","E101","MIRZAMURAD
BAZAR","TARNA",1,48
"436","E101","MODHAILA","CANTT RLY STATION",3,51
"437","E101","MODHAILA","MIRZAMURAD BAZAR",1,33
"438","E101","MOHANSARAI","CANTT RLY STATION",7,189
"439","E101","MOHANSARAI","KACHAHARI",1,33
"440","E101","NADESAR","B.H.E.L.",1,22
"441","E101","NADESAR","BHOJUBEER",1,17
"442","E101","NADESAR","HARHUA",1,27
"443","E101","NADESAR","LBS AIRPORT",1,38
"444","E101","RAJATALAB","BOULIA",1,27
"445","E101","RAJATALAB","CANTT RLY STATION",8,264
"446","E101","RAJATALAB","CHANDPUR
CHAURAHA",1,27
"447","E101","RAJATALAB","CIRCUIT HOUSE",5,190
"448","E101","RAJATALAB","NADESAR",1,33
"449","E101","RAJATALAB","ROHANIA",1,22
"450","E101","ROHANIA","CANTT RLY STATION",15,330
"451","E101","ROHANIA","KACHAHARI",1,27
"452","E101","ROHANIA","LAHARTARA",1,17
"453","E101","ROHANIA","LBS AIRPORT",1,48
"454","E101","ROHANIA","MIRZAMURAD BAZAR",1,33
"455","E101","ROHANIA","SADHU KI KUTIYA",1,27
"456","E101","RTO","CANTT RLY STATION",2,66
"457","E101","SADHU KI KUTIYA","CANTT RLY STATION",5,190
"458","E101","SADHU KI KUTIYA","CHANDPUR
CHAURAHA",1,33
"459","E101","SAHABABAD","CANTT RLY STATION",3,81
"460","E101","SAHABABAD","MODHAILA",1,17
"461","E101","VYASBAGH","LBS AIRPORT",1,27
"462","E102","AGRASEN MOD","MODHAILA",2,54
"463","E102","AIRPORT ROAD","BHOJUBEER",1,33
"464","E102","AIRPORT ROAD","CANTT RLY STATION",10,380
"465","E102","AIRPORT ROAD","CANTT RLY
STATION",2,76
"466","E102","AIRPORT ROAD","GILAT BAZAR",1,33
"467","E102","AIRPORT ROAD","KACHAHARI",1,33
"468","E102","AIRPORT ROAD","NADESAR",4,132
"469","E102","AIRPORT ROAD","ROHANIA",1,43
"470","E102","B.H.E.L.","CANTT RLY STATION",3,66
"471","E102","B.H.E.L.","KACHAHARI",3,66
"472","E102","B.H.E.L.","LAHARTARA",1,27
"473","E102","B.H.E.L.","MIRZAMURAD
BAZAR",1,48
"474","E102","BABATPUR CHAURAHA","BHOJUBEER",3,99
"475","E102","BABATPUR CHAURAHA","CANTT RLY STATION",11,418
"476","E102","BABATPUR CHAURAHA","CHANDPUR CHAURAHA",1,43
"477","E102","BABATPUR CHAURAHA","CIRCUIT HOUSE",6,198
"478","E102","BABATPUR CHAURAHA","GILAT BAZAR",1,33
"479","E102","BABATPUR CHAURAHA","HARHUA",1,22
"480","E102","BABATPUR CHAURAHA","MOHANSARAI",2,108
"481","E102","BABATPUR CHAURAHA","ROHANIA",1,48
"482","E102","BABATPUR
CHAURAHA","AGRASEN MOD",1,33
"483","E102","BABATPUR
CHAURAHA","BHOJUBEER",7,231
"484","E102","BABATPUR
CHAURAHA","BHULLANPUR",2,86
"485","E102","BABATPUR
CHAURAHA","CANTT RLY STATION",78,2964
"486","E102","BABATPUR
CHAURAHA","CANTT RLY
STATION",17,646
"487","E102","BABATPUR
CHAURAHA","CIRCUIT HOUSE",2,66
"488","E102","BABATPUR
CHAURAHA","GILAT BAZAR",4,132
"489","E102","BABATPUR
CHAURAHA","HARHUA",1,22
"490","E102","BABATPUR
CHAURAHA","MODHAILA",2,86
"491","E102","BABATPUR
CHAURAHA","RAJATALAB",2,108
"492","E102","BHOJUBEER","AGRASEN MOD",2,24
"493","E102","BHOJUBEER","BABATPUR CHAURAHA",5,165
"494","E102","BHOJUBEER","BABATPUR
CHAURAHA",14,462
"495","E102","BHOJUBEER","CANTT RLY STATION",12,204
"496","E102","BHOJUBEER","CHANDPUR
CHAURAHA",1,22
"497","E102","BHOJUBEER","HARHUA",4,88
"498","E102","BHOJUBEER","KAAZI SARAI",2,44
"499","E102","BHOJUBEER","MIRZAMURAD
BAZAR",1,43
"500","E102","BHOJUBEER","MOHANSARAI",1,33
"501","E102","BHOJUBEER","RAJATALAB",1,38
"502","E102","BHOJUBEER","ROHANIA",1,27
"503","E102","BHOJUBEER","RTO",2,54
"504","E102","BHULLANPUR","CANTT RLY STATION",3,66
"505","E102","BHULLANPUR","KACHAHARI",1,22
"506","E102","BHULLANPUR","MIRZAMURAD
BAZAR",1,33
"507","E102","BHULLANPUR","SADHU KI KUTIYA",1,33
"508","E102","BOULIA","CANTT RLY STATION",4,48
"509","E102","BOULIA","CHANDPUR
CHAURAHA",1,12
"510","E102","BOULIA","JAGATPUR",1,22
"511","E102","BOULIA","MIRZAMURAD BAZAR",4,152
"512","E102","BOULIA","MOHANSARAI",1,27
"513","E102","BOULIA","RAJATALAB",2,54
"514","E102","BOULIA","ROHANIA",3,51
"515","E102","BOULIA","RTO",2,76
"516","E102","BOULIA","SADHU KI KUTIYA",1,33
"517","E102","BOULIA","TARNA",1,27
"518","E102","CANTT RLY STATION","AGRASEN MOD",5,110
"519","E102","CANTT RLY STATION","AIRPORT ROAD",1,38
"520","E102","CANTT RLY STATION","B.H.E.L.",10,220
"521","E102","CANTT RLY STATION","BABATPUR CHAURAHA",9,342
"522","E102","CANTT RLY STATION","BABATPUR
CHAURAHA",55,2090
"523","E102","CANTT RLY STATION","BHOJUBEER",1,17
"524","E102","CANTT RLY STATION","BHULLANPUR",5,110
"525","E102","CANTT RLY STATION","CHANDPUR CHAURAHA",1,17
"526","E102","CANTT RLY STATION","CHANDPUR
CHAURAHA",6,102
"527","E102","CANTT RLY STATION","GILAT BAZAR",2,34
"528","E102","CANTT RLY STATION","HARHUA",15,405
"529","E102","CANTT RLY STATION","JAGATPUR",14,308
"530","E102","CANTT RLY STATION","KAAZI SARAI",1,33
"531","E102","CANTT RLY STATION","KACHAHARI",2,24
"532","E102","CANTT RLY STATION","KIT",12,456
"533","E102","CANTT RLY STATION","MIRZAMURAD BAZAR",13,559
"534","E102","CANTT RLY STATION","MIRZAMURAD
BAZAR",12,516
"535","E102","CANTT RLY STATION","MODHAILA",11,187
"536","E102","CANTT RLY STATION","MOHANSARAI",35,945
"537","E102","CANTT RLY STATION","RAJATALAB",31,1023
"538","E102","CANTT RLY STATION","RAKHAUNA",1,38
"539","E102","CANTT RLY STATION","ROHANIA",9,198
"540","E102","CANTT RLY STATION","RTO",7,231
"541","E102","CANTT RLY STATION","SADHU KI KUTIYA",11,418
"542","E102","CANTT RLY STATION","SAHABABAD",1,27
"543","E102","CANTT RLY STATION","SATOMAHUA",1,33
"544","E102","CANTT RLY
STATION","BABATPUR
CHAURAHA",5,190
"545","E102","CANTT RLY
STATION","CHANDPUR
CHAURAHA",1,17
"546","E102","CANTT RLY
STATION","JAGATPUR",1,22
"547","E102","CANTT RLY
STATION","MIRZAMURAD
BAZAR",2,86
"548","E102","CANTT RLY
STATION","MODHAILA",2,34
"549","E102","CANTT RLY
STATION","MOHANSARAI",4,108
"550","E102","CANTT RLY
STATION","RAJATALAB",6,198
"551","E102","CANTT RLY
STATION","ROHANIA",2,44
"552","E102","CANTT RLY
STATION","RTO",1,33
"553","E102","CANTT RLY
STATION","SADHU KI KUTIYA",6,228
"554","E102","CHANDPUR CHAURAHA","CANTT RLY STATION",1,17
"555","E102","CHANDPUR CHAURAHA","KIT",1,33
"556","E102","CHANDPUR
CHAURAHA","BABATPUR
CHAURAHA",4,172
"557","E102","CHANDPUR
CHAURAHA","BHOJUBEER",3,66
"558","E102","CHANDPUR
CHAURAHA","CANTT RLY STATION",4,68
"559","E102","CHANDPUR
CHAURAHA","GILAT BAZAR",1,27
"560","E102","CHANDPUR
CHAURAHA","KACHAHARI",1,22
"561","E102","CHANDPUR
CHAURAHA","KIT",1,33
"562","E102","CIRCUIT HOUSE","RAJATALAB",1,38
"563","E102","GILAT BAZAR","BABATPUR
CHAURAHA",1,33
"564","E102","GILAT BAZAR","CANTT RLY STATION",5,85
"565","E102","GILAT BAZAR","HARHUA",1,22
"566","E102","GILAT BAZAR","MODHAILA",1,27
"567","E102","GILAT BAZAR","ROHANIA",2,54
"568","E102","GILAT BAZAR","SANMUKH HOSPITAL",1,27
"569","E102","HARHUA","AGRASEN MOD",1,17
"570","E102","HARHUA","BABATPUR
CHAURAHA",2,44
"571","E102","HARHUA","BHOJUBEER",2,44
"572","E102","HARHUA","BHULLANPUR",1,38
"573","E102","HARHUA","CANTT RLY STATION",31,837
"574","E102","HARHUA","CANTT RLY
STATION",1,27
"575","E102","HARHUA","CIRCUIT HOUSE",2,44
"576","E102","HARHUA","JAGATPUR",4,152
"577","E102","HARHUA","MIRZAMURAD
BAZAR",2,108
"578","E102","HARHUA","MOHANSARAI",2,86
"579","E102","HARHUA","SANMUKH HOSPITAL",1,17
"580","E102","JAGATPUR","CANTT RLY STATION",7,154
"581","E102","JAGATPUR","CIRCUIT HOUSE",2,54
"582","E102","KAAZI SARAI","BABATPUR
CHAURAHA",1,22
"583","E102","KAAZI SARAI","CANTT RLY STATION",6,198
"584","E102","KAAZI SARAI","NADESAR",1,27
"585","E102","KACHAHARI","BABATPUR
CHAURAHA",4,152
"586","E102","KACHAHARI","CANTT RLY STATION",6,72
"587","E102","KACHAHARI","CHANDPUR CHAURAHA",1,22
"588","E102","KACHAHARI","CHANDPUR
CHAURAHA",1,22
"589","E102","KACHAHARI","HARHUA",1,27
"590","E102","KACHAHARI","JAGATPUR",1,27
"591","E102","KACHAHARI","KIT",4,172
"592","E102","KACHAHARI","MIRZAMURAD BAZAR",1,43
"593","E102","KACHAHARI","MIRZAMURAD
BAZAR",2,86
"594","E102","KACHAHARI","MOHANSARAI",8,264
"595","E102","KACHAHARI","RAJATALAB",2,76
"596","E102","KACHAHARI","TARNA",2,34
"597","E102","KIT","CANTT RLY STATION",10,380
"598","E102","KIT","CHANDPUR CHAURAHA",1,33
"599","E102","KIT","CHANDPUR
CHAURAHA",2,66
"600","E102","KIT","KACHAHARI",1,43
"601","E102","KIT","MODHAILA",1,33
"602","E102","LAHARTARA","BABATPUR
CHAURAHA",5,215
"603","E102","LAHARTARA","CANTT RLY STATION",1,12
"604","E102","LAHARTARA","CHANDPUR
CHAURAHA",6,72
"605","E102","LAHARTARA","KIT",2,76
"606","E102","LAHARTARA","MIRZAMURAD BAZAR",1,38
"607","E102","LAHARTARA","MOHANSARAI",1,27
"608","E102","MIRZAMURAD BAZAR","BHOJUBEER",5,215
"609","E102","MIRZAMURAD BAZAR","BOULIA",1,38
"610","E102","MIRZAMURAD BAZAR","CANTT RLY STATION",2,86
"611","E102","MIRZAMURAD BAZAR","CHANDPUR
CHAURAHA",1,38
"612","E102","MIRZAMURAD BAZAR","LAHARTARA",2,76
"613","E102","MIRZAMURAD BAZAR","MODHAILA",2,66
"614","E102","MIRZAMURAD BAZAR","ROHANIA",1,33
"615","E102","MIRZAMURAD
BAZAR","BABATPUR
CHAURAHA",1,59
"616","E102","MIRZAMURAD
BAZAR","BHOJUBEER",1,43
"617","E102","MIRZAMURAD
BAZAR","CANTT RLY STATION",1,43
"618","E102","MIRZAMURAD
BAZAR","CANTT RLY
STATION",1,43
"619","E102","MIRZAMURAD
BAZAR","MODHAILA",1,33
"620","E102","MIRZAMURAD
BAZAR","TARNA",1,48
"621","E102","MODHAILA","BABATPUR
CHAURAHA",2,86
"622","E102","MODHAILA","CANTT RLY STATION",3,51
"623","E102","MODHAILA","CIRCUIT HOUSE",1,22
"624","E102","MODHAILA","ROHANIA",1,12
"625","E102","MOHANSARAI","B.H.E.L.",1,38
"626","E102","MOHANSARAI","BABATPUR
CHAURAHA",2,108
"627","E102","MOHANSARAI","BHOJUBEER",6,198
"628","E102","MOHANSARAI","BOULIA",1,27
"629","E102","MOHANSARAI","CANTT RLY STATION",23,621
"630","E102","MOHANSARAI","CANTT RLY
STATION",1,27
"631","E102","MOHANSARAI","CHANDPUR CHAURAHA",1,22
"632","E102","MOHANSARAI","KACHAHARI",2,66
"633","E102","NADESAR","BABATPUR
CHAURAHA",1,38
"634","E102","NADESAR","CHANDPUR
CHAURAHA",1,22
"635","E102","NADESAR","HARHUA",1,27
"636","E102","NADESAR","SAHABABAD",1,27
"637","E102","NADESAR","VYASBAGH",1,22
"638","E102","RAJATALAB","BABATPUR
CHAURAHA",3,162
"639","E102","RAJATALAB","BHOJUBEER",9,342
"640","E102","RAJATALAB","BHULLANPUR",5,110
"641","E102","RAJATALAB","BOULIA",3,81
"642","E102","RAJATALAB","CANTT RLY STATION",38,1254
"643","E102","RAJATALAB","CANTT RLY
STATION",5,165
"644","E102","RAJATALAB","CHANDPUR CHAURAHA",1,27
"645","E102","RAJATALAB","CHANDPUR
CHAURAHA",1,27
"646","E102","RAJATALAB","GILAT BAZAR",2,76
"647","E102","RAJATALAB","KACHAHARI",1,38
"648","E102","RAJATALAB","MODHAILA",1,27
"649","E102","RAJATALAB","NADESAR",1,33
"650","E102","RAJATALAB","RAKHAUNA",1,12
"651","E102","RAJATALAB","RTO",1,48
"652","E102","RAJATALAB","SADHU KI KUTIYA",2,34
"653","E102","RAJATALAB","TARNA",1,43
"654","E102","ROHANIA","BABATPUR
CHAURAHA",1,48
"655","E102","ROHANIA","BHOJUBEER",1,27
"656","E102","ROHANIA","BOULIA",1,17
"657","E102","ROHANIA","CANTT RLY STATION",6,132
"658","E102","ROHANIA","CIRCUIT HOUSE",1,27
"659","E102","ROHANIA","KACHAHARI",1,27
"660","E102","ROHANIA","LAHARTARA",1,17
"661","E102","ROHANIA","MIRZAMURAD BAZAR",1,33
"662","E102","ROHANIA","MIRZAMURAD
BAZAR",1,33
"663","E102","ROHANIA","MOHANSARAI",1,17
"664","E102","ROHANIA","NADESAR",1,22
"665","E102","ROHANIA","RAJATALAB",1,22
"666","E102","RTO","BHOJUBEER",2,54
"667","E102","RTO","CANTT RLY STATION",6,198
"668","E102","RTO","CANTT RLY
STATION",3,99
"669","E102","RTO","CHANDPUR CHAURAHA",2,76
"670","E102","RTO","CIRCUIT HOUSE",2,54
"671","E102","RTO","MODHAILA",1,38
"672","E102","SADHU KI KUTIYA","CANTT RLY STATION",12,456
"673","E102","SADHU KI KUTIYA","CHANDPUR
CHAURAHA",1,33
"674","E102","SADHU KI KUTIYA","KACHAHARI",2,86
"675","E102","SADHU KI KUTIYA","MODHAILA",1,33
"676","E102","SADHU KI KUTIYA","NADESAR",1,38
"677","E102","SAHABABAD","BABATPUR
CHAURAHA",3,144
"678","E102","SAHABABAD","BHOJUBEER",2,66
"679","E102","SAHABABAD","CANTT RLY STATION",5,135
"680","E102","SANMUKH HOSPITAL","CANTT RLY STATION",1,38
"681","E102","SATOMAHUA","KACHAHARI",1,27
"682","E102","TARNA","BABATPUR
CHAURAHA",1,27
"683","E102","TARNA","MIRZAMURAD BAZAR",2,96
"684","E102","TARNA","MIRZAMURAD
BAZAR",2,96
"685","E102","VYASBAGH","BOULIA",4,108
"686","E102","VYASBAGH","CANTT RLY STATION",9,243
"687","E102","VYASBAGH","GILAT BAZAR",2,34
"688","E102","VYASBAGH","TARNA",1,12
"689","E103","BHELUPUR","VIDYAPEETH",1,12
"690","E103","BHULLANPUR","CANTT RLY STATION",1,22
"691","E103","BHULLANPUR","MIRZAMURAD BAZAR",1,33
"692","E103","BHULLANPUR","MOHANSARAI",1,22
"693","E103","BOULIA","KACHHAWAN ROAD",1,43
"694","E103","BOULIA","MIRZAMURAD
BAZAR",2,76
"695","E103","BOULIA","MODHAILA",2,24
"696","E103","BOULIA","RAJATALAB",3,81
"697","E103","BOULIA","SAHABABAD",1,22
"698","E103","CANTT RLY STATION","BHELUPUR",3,51
"699","E103","CANTT RLY STATION","BHULLANPUR",2,44
"700","E103","CANTT RLY STATION","CHANDPUR
CHAURAHA",5,85
"701","E103","CANTT RLY STATION","DURGA KUND",10,170
"702","E103","CANTT RLY STATION","JAGATPUR",6,132
"703","E103","CANTT RLY STATION","KACHHAWAN ROAD",7,336
"704","E103","CANTT RLY STATION","LALPUR CHATTI",1,43
"705","E103","CANTT RLY STATION","LANKA",85,1870
"706","E103","CANTT RLY STATION","MIRZAMURAD BAZAR",13,559
"707","E103","CANTT RLY STATION","MIRZAMURAD
BAZAR",1,43
"708","E103","CANTT RLY STATION","MODHAILA",1,17
"709","E103","CANTT RLY STATION","MOHANSARAI",41,1107
"710","E103","CANTT RLY STATION","RAJATALAB",41,1353
"711","E103","CANTT RLY STATION","RAKHAUNA",3,114
"712","E103","CANTT RLY STATION","RATHYATRA",2,24
"713","E103","CANTT RLY STATION","RAVINDERPURI",7,119
"714","E103","CANTT RLY STATION","ROHANIA",11,242
"715","E103","CANTT RLY STATION","RUPAPUR",9,387
"716","E103","CANTT RLY STATION","SADHU KI KUTIYA",2,76
"717","E103","CANTT RLY STATION","SAHABABAD",2,54
"718","E103","CHANDPUR CHAURAHA","RAJATALAB",1,27
"719","E103","CHANDPUR CHAURAHA","SADHU KI KUTIYA",1,33
"720","E103","CHANDPUR
CHAURAHA","CANTT RLY STATION",2,34
"721","E103","DURGA KUND","CANTT RLY STATION",4,68
"722","E103","JAGATPUR","CANTT RLY STATION",5,110
"723","E103","KACHHAWAN ROAD","BHELUPUR",1,48
"724","E103","KACHHAWAN ROAD","CANTT RLY STATION",6,288
"725","E103","KACHHAWAN ROAD","CHANDPUR
CHAURAHA",3,129
"726","E103","KACHHAWAN ROAD","LAHARTARA",1,43
"727","E103","KACHHAWAN ROAD","RAJATALAB",1,33
"728","E103","KACHHAWAN ROAD","SAHABABAD",1,38
"729","E103","KIT","CANTT RLY STATION",5,190
"730","E103","LAHARTARA","JAGATPUR",1,22
"731","E103","LALPUR CHATTI","CANTT RLY STATION",1,43
"732","E103","LALPUR CHATTI","LANKA",1,48
"733","E103","LANKA","CANTT RLY STATION",111,2442
"734","E103","LANKA","KACHHAWAN ROAD",1,54
"735","E103","LANKA","RAJATALAB",2,86
"736","E103","LANKA","RATHYATRA",4,68
"737","E103","LANKA","SIGRA",4,68
"738","E103","LANKA","VIDYAPEETH",1,22
"739","E103","MIRZAMURAD
BAZAR","CANTT RLY STATION",2,86
"740","E103","MIRZAMURAD
BAZAR","DURGA KUND",1,48
"741","E103","MODHAILA","CANTT RLY STATION",1,17
"742","E103","MODHAILA","JAGATPUR",1,17
"743","E103","MODHAILA","MOHANSARAI",1,22
"744","E103","MODHAILA","ROHANIA",3,36
"745","E103","MODHAILA","SADHU KI KUTIYA",1,33
"746","E103","MOHANSARAI","CANTT RLY STATION",2,54
"747","E103","MOHANSARAI","LANKA",1,38
"748","E103","RAJATALAB","CANTT RLY STATION",13,429
"749","E103","RAJATALAB","KACHHAWAN ROAD",1,33
"750","E103","RAJATALAB","MIRZAMURAD
BAZAR",1,22
"751","E103","RAJATALAB","RUPAPUR",1,27
"752","E103","RATHYATRA","LANKA",3,51
"753","E103","RAVINDERPURI","CANTT RLY STATION",1,17
"754","E103","ROHANIA","BOULIA",1,17
"755","E103","ROHANIA","CANTT RLY STATION",2,44
"756","E103","ROHANIA","KACHHAWAN ROAD",2,76
"757","E103","ROHANIA","RAJATALAB",8,176
"758","E103","ROHANIA","RUPAPUR",1,38
"759","E103","RUPAPUR","CANTT RLY STATION",1,43
"760","E103","SADHU KI KUTIYA","BOULIA",1,33
"761","E103","SADHU KI KUTIYA","ROHANIA",2,54
"762","E103","SAHABABAD","MIRZAMURAD BAZAR",2,54
"763","E103","SIGRA","BHELUPUR",1,12
"764","E103","SIGRA","CANTT RLY STATION",1,12
"765","E103","SIGRA","LANKA",5,85
"766","E104","AHIRAULI","BHOJUBEER",2,54
"767","E104","AHIRAULI","CANTT RLY STATION",3,99
"768","E104","AYAR","BHOJUBEER",4,88
"769","E104","AYAR","CANTT RLY STATION",2,66
"770","E104","AYAR","CHANDMARI",1,17
"771","E104","AYAR","MARUEE",1,27
"772","E104","AYAR","MODHAILA",1,38
"773","E104","AYAR","MOHANSARAI",2,86
"774","E104","AYAR","NADESAR",1,27
"775","E104","AYAR","PALAHI PATTI",1,17
"776","E104","BELWARIYA","BHOJUBEER",2,34
"777","E104","BELWARIYA","CANTT RLY STATION",4,108
"778","E104","BELWARIYA","KACHAHARI",1,22
"779","E104","BELWARIYA","MIRZAMURAD
BAZAR",2,96
"780","E104","BELWARIYA","NADESAR",3,66
"781","E104","BELWARIYA","PALAHI PATTI",1,22
"782","E104","BELWARIYA","ROHANIA",3,99
"783","E104","BELWARIYA","SINDHORA",5,165
"784","E104","BHOJUBEER","AHIRAULI",1,27
"785","E104","BHOJUBEER","AYAR",6,132
"786","E104","BHOJUBEER","BELWARIYA",1,17
"787","E104","BHOJUBEER","CANTT RLY STATION",3,51
"788","E104","BHOJUBEER","CANTT RLY
STATION",1,17
"789","E104","BHOJUBEER","CHANDPUR
CHAURAHA",3,66
"790","E104","BHOJUBEER","GARTHAMA",4,132
"791","E104","BHOJUBEER","GOSAIPUR",2,54
"792","E104","BHOJUBEER","MARUEE",1,38
"793","E104","BHOJUBEER","MIRZAMURAD BAZAR",2,86
"794","E104","BHOJUBEER","MODHAILA",1,27
"795","E104","BHOJUBEER","NADESAR",1,12
"796","E104","BHOJUBEER","PALAHI PATTI",4,132
"797","E104","BHOJUBEER","RAJATALAB",4,152
"798","E104","BHOJUBEER","ROHANIA",2,54
"799","E104","BHOJUBEER","SADHU KI KUTIYA",2,86
"800","E104","BHOJUBEER","SARAIYA",5,165
"801","E104","BHOJUBEER","SINDHORA",39,1482
"802","E104","BHULLANPUR","MOHANSARAI",3,66
"803","E104","BHULLANPUR","SADHU KI KUTIYA",1,33
"804","E104","BOULIA","BHOJUBEER",1,22
"805","E104","BOULIA","MIRZAMURAD
BAZAR",1,38
"806","E104","BOULIA","MOHANSARAI",3,81
"807","E104","BOULIA","NATINIYA DAI",1,22
"808","E104","BOULIA","RAJATALAB",1,27
"809","E104","BOULIA","SAHABABAD",1,22
"810","E104","CANTT RLY STATION","AHIRAULI",3,99
"811","E104","CANTT RLY STATION","BHOJUBEER",5,85
"812","E104","CANTT RLY STATION","BHULLANPUR",3,66
"813","E104","CANTT RLY STATION","BOULIA",1,12
"814","E104","CANTT RLY STATION","CHANDMARI",6,132
"815","E104","CANTT RLY STATION","CHANDPUR CHAURAHA",3,51
"816","E104","CANTT RLY STATION","CHANDPUR
CHAURAHA",7,119
"817","E104","CANTT RLY STATION","GARTHAMA",1,38
"818","E104","CANTT RLY STATION","JAGATPUR",5,110
"819","E104","CANTT RLY STATION","KACHAHARI",1,12
"820","E104","CANTT RLY STATION","KIT",3,114
"821","E104","CANTT RLY STATION","LAHARTARA",1,12
"822","E104","CANTT RLY STATION","MIRZAMURAD BAZAR",4,172
"823","E104","CANTT RLY STATION","MIRZAMURAD E
STATION",7,301
"824","E104","CANTT RLY STATION","MIRZAMURAD
BAZAR",6,258
"825","E104","CANTT RLY STATION","MODHAILA",7,119
"826","E104","CANTT RLY STATION","MOHANSARAI",16,432
"827","E104","CANTT RLY STATION","MURDAHA",1,27
"828","E104","CANTT RLY STATION","NATINIYA DAI",1,22
"829","E104","CANTT RLY STATION","PALAHI PATTI",1,38
"830","E104","CANTT RLY STATION","RAJATALAB",18,594
"831","E104","CANTT RLY STATION","ROHANIA",18,396
"832","E104","CANTT RLY STATION","SADHU KI KUTIYA",5,190
"833","E104","CANTT RLY STATION","SAHABABAD",2,54
"834","E104","CANTT RLY STATION","SARAIYA",12,456
"835","E104","CANTT RLY STATION","SINDHORA",31,1333
"836","E104","CANTT RLY
STATION","AYAR",1,33
"837","E104","CANTT RLY
STATION","CHANDMARI",1,22
"838","E104","CANTT RLY
STATION","GOSAIPUR",1,33
"839","E104","CANTT RLY
STATION","JAGATPUR",1,22
"840","E104","CANTT RLY
STATION","MIRZAMURAD
BAZAR",2,86
"841","E104","CANTT RLY
STATION","MODHAILA",1,17
"842","E104","CANTT RLY
STATION","MOHANSARAI",10,270
"843","E104","CANTT RLY
STATION","MURDAHA",2,54
"844","E104","CANTT RLY
STATION","NATINIYA DAI",1,22
"845","E104","CANTT RLY
STATION","PALAHI PATTI",3,114
"846","E104","CANTT RLY
STATION","RAJATALAB",5,165
"847","E104","CANTT RLY
STATION","SINDHORA",21,903
"848","E104","CHANDMARI","BHOJUBEER",1,17
"849","E104","CHANDMARI","GARTHAMA",5,135
"850","E104","CHANDMARI","MIRZAMURAD BAZAR",2,96
"851","E104","CHANDMARI","PALAHI PATTI",1,27
"852","E104","CHANDMARI","ROHANIA",1,33
"853","E104","CHANDMARI","SARAIYA",2,66
"854","E104","CHANDMARI","SINDHORA",5,165
"855","E104","CHANDPUR
CHAURAHA","BHOJUBEER",3,66
"856","E104","CHANDPUR
CHAURAHA","BHULLANPUR",2,24
"857","E104","CHANDPUR
CHAURAHA","CANTT RLY STATION",6,102
"858","E104","CHANDPUR
CHAURAHA","CHANDMARI",1,27
"859","E104","CHANDPUR
CHAURAHA","KIT",2,66
"860","E104","CHANDPUR
CHAURAHA","MIRZAMURAD E
STATION",2,76
"861","E104","CHANDPUR
CHAURAHA","MOHANSARAI",8,176
"862","E104","CHANDPUR
CHAURAHA","NATINIYA DAI",2,54
"863","E104","CHANDPUR
CHAURAHA","RAJATALAB",1,27
"864","E104","CHANDPUR
CHAURAHA","SINDHORA",3,144
"865","E104","CIRCUIT HOUSE","MIRZAMURAD E
STATION",1,43
"866","E104","CIRCUIT HOUSE","MOHANSARAI",1,33
"867","E104","GARTHAMA","BHOJUBEER",7,231
"868","E104","GARTHAMA","BOULIA",1,43
"869","E104","GARTHAMA","CANTT RLY STATION",16,608
"870","E104","GARTHAMA","CHANDPUR
CHAURAHA",1,43
"871","E104","GARTHAMA","KACHAHARI",1,33
"872","E104","GARTHAMA","LAHARTARA",1,38
"873","E104","GARTHAMA","MIRZAMURAD
BAZAR",1,59
"874","E104","GARTHAMA","MOHANSARAI",3,144
"875","E104","GARTHAMA","RAKHAUNA",1,54
"876","E104","GARTHAMA","ROHANIA",1,43
"877","E104","GOSAIPUR","BHOJUBEER",1,27
"878","E104","GOSAIPUR","CANTT RLY STATION",2,66
"879","E104","GOSAIPUR","CHANDPUR
CHAURAHA",1,38
"880","E104","GOSAIPUR","MIRZAMURAD BAZAR",4,236
"881","E104","GOSAIPUR","MOHANSARAI",1,48
"882","E104","JAGATPUR","CANTT RLY STATION",9,198
"883","E104","JAGATPUR","CANTT RLY
STATION",1,22
"884","E104","JAGATPUR","CHANDMARI",1,33
"885","E104","JAGATPUR","KACHAHARI",1,27
"886","E104","KACHAHARI","BHULLANPUR",3,66
"887","E104","KACHAHARI","CANTT RLY STATION",1,12
"888","E104","KACHAHARI","CANTT RLY
STATION",1,12
"889","E104","KACHAHARI","MIRZAMURAD BAZAR",1,43
"890","E104","KACHAHARI","MOHANSARAI",2,66
"891","E104","KACHAHARI","NATINIYA DAI",1,17
"892","E104","KACHAHARI","ROHANIA",2,54
"893","E104","KACHAHARI","SINDHORA",2,86
"894","E104","KIT","BHULLANPUR",1,33
"895","E104","KIT","BOULIA",1,38
"896","E104","KIT","CANTT RLY STATION",6,228
"897","E104","KIT","CANTT RLY
STATION",1,38
"898","E104","KIT","CHANDPUR
CHAURAHA",4,132
"899","E104","KIT","NATINIYA DAI",1,43
"900","E104","LAHARTARA","BHULLANPUR",2,34
"901","E104","LAHARTARA","CHANDPUR
CHAURAHA",1,12
"902","E104","LAHARTARA","KACHAHARI",1,17
"903","E104","LAHARTARA","MOHANSARAI",1,27
"904","E104","LAHARTARA","ROHANIA",8,136
"905","E104","LAHARTARA","SAHABABAD",1,22
"906","E104","LALPUR T.F.C.","CHANDPUR
CHAURAHA",1,27
"907","E104","LALPUR T.F.C.","MIRZAMURAD BAZAR",2,96
"908","E104","LALPUR T.F.C.","ROHANIA",1,33
"909","E104","LALPUR T.F.C.","SINDHORA",2,76
"910","E104","MARUEE","BELWARIYA",1,33
"911","E104","MARUEE","BHOJUBEER",3,114
"912","E104","MARUEE","CANTT RLY STATION",1,43
"913","E104","MARUEE","CHANDMARI",3,99
"914","E104","MARUEE","JAGATPUR",1,48
"915","E104","MARUEE","PALAHI PATTI",1,17
"916","E104","MIRZAMURAD BAZAR","AHIRAULI",3,162
"917","E104","MIRZAMURAD BAZAR","BHOJUBEER",2,86
"918","E104","MIRZAMURAD BAZAR","CANTT RLY STATION",4,172
"919","E104","MIRZAMURAD BAZAR","CHANDPUR CHAURAHA",1,38
"920","E104","MIRZAMURAD BAZAR","CHANDPUR
CHAURAHA",1,38
"921","E104","MIRZAMURAD BAZAR","KACHAHARI",1,43
"922","E104","MIRZAMURAD BAZAR","SINDHORA",5,320
"923","E104","MIRZAMURAD
BAZAR","BHOJUBEER",1,43
"924","E104","MIRZAMURAD
BAZAR","CANTT RLY STATION",4,172
"925","E104","MIRZAMURAD
BAZAR","CANTT RLY
STATION",8,344
"926","E104","MIRZAMURAD
BAZAR","SINDHORA",1,64
"927","E104","MODHAILA","AHIRAULI",1,38
"928","E104","MODHAILA","BOULIA",1,12
"929","E104","MODHAILA","CANTT RLY STATION",2,34
"930","E104","MODHAILA","CANTT RLY
STATION",2,34
"931","E104","MODHAILA","GARTHAMA",1,43
"932","E104","MODHAILA","NADESAR",1,22
"933","E104","MODHAILA","RAJATALAB",1,27
"934","E104","MOHANSARAI","AYAR",3,129
"935","E104","MOHANSARAI","BELWARIYA",1,43
"936","E104","MOHANSARAI","BHOJUBEER",1,33
"937","E104","MOHANSARAI","CANTT RLY STATION",7,189
"938","E104","MOHANSARAI","CANTT RLY
STATION",8,216
"939","E104","MOHANSARAI","CHANDMARI",1,38
"940","E104","MOHANSARAI","CHANDPUR
CHAURAHA",1,22
"941","E104","MOHANSARAI","CIRCUIT HOUSE",1,33
"942","E104","MOHANSARAI","KACHAHARI",6,198
"943","E104","MOHANSARAI","MODHAILA",1,22
"944","E104","MOHANSARAI","NADESAR",2,66
"945","E104","MOHANSARAI","NATINIYA DAI",1,38
"946","E104","MOHANSARAI","ROHANIA",1,17
"947","E104","MOHANSARAI","SINDHORA",3,162
"948","E104","MURDAHA","BHOJUBEER",2,44
"949","E104","MURDAHA","CANTT RLY STATION",3,81
"950","E104","MURDAHA","MARUEE",2,54
"951","E104","MURDAHA","MIRZAMURAD
BAZAR",1,54
"952","E104","MURDAHA","MOHANSARAI",2,86
"953","E104","NADESAR","BELWARIYA",1,22
"954","E104","NADESAR","MIRZAMURAD BAZAR",1,43
"955","E104","NADESAR","ROHANIA",2,44
"956","E104","NATINIYA DAI","AYAR",1,22
"957","E104","NATINIYA DAI","CANTT RLY STATION",3,66
"958","E104","NATINIYA DAI","MARUEE",3,99
"959","E104","NATINIYA DAI","MIRZAMURAD
BAZAR",2,96
"960","E104","NATINIYA DAI","MOHANSARAI",1,38
"961","E104","NATINIYA DAI","MURDAHA",1,17
"962","E104","NATINIYA DAI","SINDHORA",7,266
"963","E104","PALAHI PATTI","BELWARIYA",1,22
"964","E104","PALAHI PATTI","CANTT RLY STATION",5,190
"965","E104","PALAHI PATTI","MIRZAMURAD E
STATION",2,118
"966","E104","PALAHI PATTI","MODHAILA",1,43
"967","E104","PALAHI PATTI","RAKHAUNA",1,54
"968","E104","PALAHI PATTI","SADHU KI KUTIYA",2,108
"969","E104","PALAHI PATTI","SINDHORA",2,242
"970","E104","RAJATALAB","BHOJUBEER",3,114
"971","E104","RAJATALAB","BOULIA",2,54
"972","E104","RAJATALAB","CANTT RLY STATION",25,825
"973","E104","RAJATALAB","CANTT RLY
STATION",6,198
"974","E104","RAJATALAB","CHANDPUR
CHAURAHA",2,54
"975","E104","RAJATALAB","MURDAHA",2,86
"976","E104","RAJATALAB","NADESAR",3,99
"977","E104","RAJATALAB","ROHANIA",1,22
"978","E104","RAJATALAB","SARAIYA",1,54
"979","E104","RAJATALAB","SINDHORA",1,59
"980","E104","RAKHAUNA","CANTT RLY STATION",2,76
"981","E104","RAKHAUNA","JAGATPUR",1,22
"982","E104","ROHANIA","BHOJUBEER",1,27
"983","E104","ROHANIA","CANTT RLY STATION",7,154
"984","E104","ROHANIA","CANTT RLY
STATION",3,66
"985","E104","ROHANIA","CIRCUIT HOUSE",1,27
"986","E104","ROHANIA","KIT",2,66
"987","E104","ROHANIA","LAHARTARA",1,17
"988","E104","ROHANIA","MIRZAMURAD BAZAR",1,33
"989","E104","ROHANIA","MIRZAMURAD E
STATION",1,33
"990","E104","ROHANIA","SINDHORA",7,336
"991","E104","SADHU KI KUTIYA","BHOJUBEER",4,172
"992","E104","SADHU KI KUTIYA","BOULIA",2,66
"993","E104","SADHU KI KUTIYA","CANTT RLY STATION",1,38
"994","E104","SADHU KI KUTIYA","CANTT RLY
STATION",5,190
"995","E104","SADHU KI KUTIYA","CHANDPUR
CHAURAHA",1,33
"996","E104","SADHU KI KUTIYA","CIRCUIT HOUSE",2,86
"997","E104","SADHU KI KUTIYA","LALPUR T.F.C.",1,43
"998","E104","SADHU KI KUTIYA","NADESAR",1,38
"999","E104","SADHU KI KUTIYA","SINDHORA",1,64
"1000","E104","SAHABABAD","BOULIA",2,44
"1001","E104","SAHABABAD","CANTT RLY
STATION",1,27
"1002","E104","SAHABABAD","CHANDPUR
CHAURAHA",1,22
"1003","E104","SAHABABAD","SADHU KI KUTIYA",2,44
"1004","E104","SARAIYA","BHOJUBEER",5,165
"1005","E104","SARAIYA","CANTT RLY STATION",1,38
"1006","E104","SARAIYA","KACHAHARI",1,38
"1007","E104","SARAIYA","MIRZAMURAD BAZAR",1,64
"1008","E104","SARAIYA","NATINIYA DAI",1,33
"1009","E104","SARAIYA","ROHANIA",1,48
"1010","E104","SINDHORA","AHIRAULI",1,27
"1011","E104","SINDHORA","BELWARIYA",4,132
"1012","E104","SINDHORA","BHOJUBEER",33,1254
"1013","E104","SINDHORA","BHULLANPUR",7,336
"1014","E104","SINDHORA","BOULIA",2,96
"1015","E104","SINDHORA","CANTT RLY STATION",33,1419
"1016","E104","SINDHORA","CANTT RLY
STATION",11,473
"1017","E104","SINDHORA","CHANDMARI",19,627
"1018","E104","SINDHORA","CHANDPUR
CHAURAHA",11,528
"1019","E104","SINDHORA","CIRCUIT HOUSE",5,190
"1020","E104","SINDHORA","GARTHAMA",2,34
"1021","E104","SINDHORA","LAHARTARA",1,43
"1022","E104","SINDHORA","MIRZAMURAD BAZAR",3,192
"1023","E104","SINDHORA","MIRZAMURAD E
STATION",2,128
"1024","E104","SINDHORA","MIRZAMURAD
BAZAR",2,128
"1025","E104","SINDHORA","MODHAILA",2,96
"1026","E104","SINDHORA","MOHANSARAI",6,324
"1027","E104","SINDHORA","MURDAHA",1,33
"1028","E104","SINDHORA","NATINIYA DAI",2,76
"1029","E104","SINDHORA","PALAHI PATTI",1,22
"1030","E104","SINDHORA","RAJATALAB",3,177
"1031","E104","SINDHORA","RAKHAUNA",2,118
"1032","E104","SINDHORA","ROHANIA",2,96
"1033","E106","ASAPUR","CANTT RLY STATION",10,220
"1034","E106","ASAPUR","CANTT RLY
STATION",5,110
"1035","E106","ASAPUR","CHANDPUR
CHAURAHA",3,81
"1036","E106","ASAPUR","CHUBEYPUR",2,54
"1037","E106","ASAPUR","DUBKIYA",1,22
"1038","E106","ASAPUR","JAGATPUR",1,33
"1039","E106","ASAPUR","KAITHI",8,304
"1040","E106","ASAPUR","KHAJURI",3,51
"1041","E106","ASAPUR","LAHARTARA",1,22
"1042","E106","ASAPUR","MARKANDEY
MAHADEV",3,114
"1043","E106","ASAPUR","MOHANSARAI",4,152
"1044","E106","ASAPUR","POLICE LINE",3,51
"1045","E106","ASAPUR","SAHAPUR",2,54
"1046","E106","BHULLANPUR","ASAPUR",1,33
"1047","E106","BHULLANPUR","CANTT RLY STATION",2,44
"1048","E106","BHULLANPUR","CHUBEYPUR",1,43
"1049","E106","BHULLANPUR","DUBKIYA",1,38
"1050","E106","BHULLANPUR","JAGATPUR",7,84
"1051","E106","BHULLANPUR","MARKANDEY
MAHADEV",4,216
"1052","E106","BHULLANPUR","POLICE LINE",1,22
"1053","E106","BHULLANPUR","RAJATALAB",1,22
"1054","E106","BOULIA","BHULLANPUR",1,17
"1055","E106","BOULIA","CHUBEYPUR",4,152
"1056","E106","BOULIA","DHAKHAWA",1,48
"1057","E106","BOULIA","KIT",1,38
"1058","E106","BOULIA","LEDHUPUR",1,27
"1059","E106","BOULIA","MIRZAMURAD BAZAR",1,38
"1060","E106","BOULIA","MIRZAMURAD
BAZAR",1,38
"1061","E106","BOULIA","PURANA RTO",1,22
"1062","E106","BOULIA","RAJATALAB",2,54
"1063","E106","BOULIA","ROHANIA",2,34
"1064","E106","BOULIA","SWARVED MANDIR",1,33
"1065","E106","CANTT RLY STATION","ASAPUR",25,550
"1066","E106","CANTT RLY STATION","CHANDPUR
CHAURAHA",8,136
"1067","E106","CANTT RLY STATION","CHANDRAWATI",1,43
"1068","E106","CANTT RLY STATION","CHIRAIGAON BLOCK",1,27
"1069","E106","CANTT RLY STATION","CHUBEYPUR",10,380
"1070","E106","CANTT RLY STATION","DHAKHAWA",1,43
"1071","E106","CANTT RLY STATION","DUBKIYA",1,33
"1072","E106","CANTT RLY STATION","JAGATPUR",3,66
"1073","E106","CANTT RLY STATION","KAITHI",22,946
"1074","E106","CANTT RLY STATION","KIT",9,342
"1075","E106","CANTT RLY STATION","LEDHUPUR",8,176
"1076","E106","CANTT RLY STATION","MARKANDEY
MAHADEV",10,480
"1077","E106","CANTT RLY STATION","MIRZAMURAD BAZAR",1,43
"1078","E106","CANTT RLY STATION","MIRZAMURAD
BAZAR",8,344
"1079","E106","CANTT RLY STATION","MODHAILA",1,17
"1080","E106","CANTT RLY STATION","MOHANSARAI",18,486
"1081","E106","CANTT RLY STATION","PAHARIYA",2,34
"1082","E106","CANTT RLY STATION","POLICE LINE",1,12
"1083","E106","CANTT RLY STATION","RAJATALAB",17,561
"1084","E106","CANTT RLY STATION","RAKHAUNA",1,38
"1085","E106","CANTT RLY STATION","ROHANIA",17,374
"1086","E106","CANTT RLY STATION","SAHABABAD",2,54
"1087","E106","CANTT RLY STATION","SAHAPUR",1,33
"1088","E106","CANTT RLY STATION","UGAPUR",3,114
"1089","E106","CANTT RLY STATION","UMARAHA",12,324
"1090","E106","CANTT RLY
STATION","ASAPUR",1,22
"1091","E106","CANTT RLY
STATION","BHULLANPUR",1,22
"1092","E106","CANTT RLY
STATION","CHANDPUR
CHAURAHA",2,34
"1093","E106","CANTT RLY
STATION","CHANDRAWATI",2,86
"1094","E106","CANTT RLY
STATION","CHIRAIGAON
BLOCK",1,27
"1095","E106","CANTT RLY
STATION","CHUBEYPUR",5,190
"1096","E106","CANTT RLY
STATION","DUBKIYA",4,132
"1097","E106","CANTT RLY
STATION","JAGATPUR",3,66
"1098","E106","CANTT RLY
STATION","KAITHI",24,1032
"1099","E106","CANTT RLY
STATION","KIT",1,38
"1100","E106","CANTT RLY
STATION","LEDHUPUR",4,88
"1101","E106","CANTT RLY
STATION","MARKANDEY
MAHADEV",8,384
"1102","E106","CANTT RLY
STATION","MIRZAMURAD
BAZAR",4,172
"1103","E106","CANTT RLY
STATION","MODHAILA",2,34
"1104","E106","CANTT RLY
STATION","MOHANSARAI",6,162
"1105","E106","CANTT RLY
STATION","PANDEYPUR",1,17
"1106","E106","CANTT RLY
STATION","POLICE LINE",1,12
"1107","E106","CANTT RLY
STATION","RAJATALAB",3,99
"1108","E106","CANTT RLY
STATION","SAHAPUR",3,99
"1109","E106","CANTT RLY
STATION","UGAPUR",6,228
"1110","E106","CANTT RLY
STATION","UMARAHA",5,135
"1111","E106","CHANDPUR
CHAURAHA","CANTT RLY STATION",4,68
"1112","E106","CHANDPUR
CHAURAHA","CANTT RLY
STATION",2,34
"1113","E106","CHANDPUR
CHAURAHA","CHAUKAGHAT",1,17
"1114","E106","CHANDPUR
CHAURAHA","CHIRAIGAON BLOCK",1,33
"1115","E106","CHANDPUR
CHAURAHA","DUBKIYA",1,38
"1116","E106","CHANDPUR
CHAURAHA","MIRZAMURAD
BAZAR",1,38
"1117","E106","CHANDPUR
CHAURAHA","MOHANSARAI",3,66
"1118","E106","CHANDPUR
CHAURAHA","RAJATALAB",1,27
"1119","E106","CHANDPUR
CHAURAHA","UMARAHA",1,33
"1120","E106","CHANDRAWATI","CANTT RLY STATION",2,86
"1121","E106","CHANDRAWATI","CANTT RLY
STATION",4,172
"1122","E106","CHANDRAWATI","CHAUKAGHAT",9,342
"1123","E106","CHANDRAWATI","PANDEYPUR",1,38
"1124","E106","CHANDRAWATI","POLICE LINE",1,38
"1125","E106","CHANDRAWATI","ROHANIA",2,96
"1126","E106","CHAUKAGHAT","ASAPUR",3,66
"1127","E106","CHAUKAGHAT","CHANDRAWATI",3,114
"1128","E106","CHAUKAGHAT","KAITHI",3,129
"1129","E106","CHAUKAGHAT","LEDHUPUR",1,22
"1130","E106","CHAUKAGHAT","SWARVED MANDIR",2,54
"1131","E106","CHIRAIGAON BLOCK","BHULLANPUR",1,33
"1132","E106","CHIRAIGAON BLOCK","CANTT RLY STATION",1,27
"1133","E106","CHIRAIGAON BLOCK","DHAKHAWA",1,33
"1134","E106","CHIRAIGAON BLOCK","PAHARIYA",1,22
"1135","E106","CHIRAIGAON BLOCK","PANDEYPUR",1,22
"1136","E106","CHIRAIGAON BLOCK","POLICE LINE",1,22
"1137","E106","CHIRAIGAON BLOCK","ROHANIA",2,76
"1138","E106","CHIRAIGAON
BLOCK","CANTT RLY
STATION",1,27
"1139","E106","CHUBEYPUR","ASAPUR",1,27
"1140","E106","CHUBEYPUR","BOULIA",8,304
"1141","E106","CHUBEYPUR","CANTT RLY STATION",11,418
"1142","E106","CHUBEYPUR","CANTT RLY
STATION",11,418
"1143","E106","CHUBEYPUR","CHANDPUR
CHAURAHA",1,43
"1144","E106","CHUBEYPUR","CHANDRAWATI",3,51
"1145","E106","CHUBEYPUR","CHAUKAGHAT",2,76
"1146","E106","CHUBEYPUR","KAITHI",3,66
"1147","E106","CHUBEYPUR","KHAJURI",10,330
"1148","E106","CHUBEYPUR","MARKANDEY
MAHADEV",3,66
"1149","E106","CHUBEYPUR","MIRZAMURAD
BAZAR",1,59
"1150","E106","CHUBEYPUR","MODHAILA",1,43
"1151","E106","CHUBEYPUR","MOHANSARAI",4,192
"1152","E106","CHUBEYPUR","PANDEYPUR",2,66
"1153","E106","CHUBEYPUR","POLICE LINE",10,330
"1154","E106","CHUBEYPUR","PURANA RTO",1,27
"1155","E106","CHUBEYPUR","RAKHAUNA",2,108
"1156","E106","CHUBEYPUR","ROHANIA",2,86
"1157","E106","DHAKHAWA","CANTT RLY STATION",2,86
"1158","E106","DHAKHAWA","LAHARTARA",4,172
"1159","E106","DUBKIYA","CANTT RLY STATION",3,99
"1160","E106","DUBKIYA","CANTT RLY
STATION",4,132
"1161","E106","DUBKIYA","CHANDPUR
CHAURAHA",1,38
"1162","E106","DUBKIYA","LAHARTARA",1,33
"1163","E106","DUBKIYA","POLICE LINE",6,162
"1164","E106","JAGATPUR","ASAPUR",1,33
"1165","E106","JAGATPUR","CANTT RLY STATION",2,44
"1166","E106","JAGATPUR","CANTT RLY
STATION",2,44
"1167","E106","JAGATPUR","CHANDPUR
CHAURAHA",1,17
"1168","E106","JAGATPUR","RAKHAUNA",1,22
"1169","E106","KAITHI","CANTT RLY STATION",13,559
"1170","E106","KAITHI","CANTT RLY
STATION",30,1290
"1171","E106","KAITHI","CHAUKAGHAT",1,43
"1172","E106","KAITHI","CHIRAIGAON BLOCK",1,33
"1173","E106","KAITHI","CHUBEYPUR",1,22
"1174","E106","KAITHI","LAHARTARA",1,48
"1175","E106","KAITHI","LEDHUPUR",2,76
"1176","E106","KAITHI","MODHAILA",2,96
"1177","E106","KAITHI","PAHARIYA",2,86
"1178","E106","KAITHI","PANDEYPUR",3,129
"1179","E106","KAITHI","POLICE LINE",4,172
"1180","E106","KAITHI","PURANA RTO",2,76
"1181","E106","KHAJURI","KAITHI",3,129
"1182","E106","KHAJURI","PANDEYPUR",1,12
"1183","E106","KIT","CANTT RLY STATION",5,190
"1184","E106","KIT","CHANDPUR
CHAURAHA",1,33
"1185","E106","KIT","MODHAILA",2,66
"1186","E106","KIT","PURANA RTO",1,43
"1187","E106","LAHARTARA","ASAPUR",1,22
"1188","E106","LAHARTARA","MIRZAMURAD
BAZAR",1,38
"1189","E106","LAHARTARA","RAKHAUNA",1,33
"1190","E106","LAHARTARA","SAHABABAD",1,22
"1191","E106","LEDHUPUR","BOULIA",1,27
"1192","E106","LEDHUPUR","CANTT RLY STATION",3,66
"1193","E106","LEDHUPUR","CHAUKAGHAT",1,22
"1194","E106","LEDHUPUR","KAITHI",1,38
"1195","E106","LEDHUPUR","MARKANDEY
MAHADEV",1,38
"1196","E106","LEDHUPUR","MIRZAMURAD
BAZAR",2,96
"1197","E106","LEDHUPUR","PANDEYPUR",1,17
"1198","E106","LEDHUPUR","RAKHAUNA",1,43
"1199","E106","LEDHUPUR","ROHANIA",1,33
"1200","E106","LEDHUPUR","UGAPUR",1,27
"1201","E106","MARKANDEY
MAHADEV","BHULLANPUR",2,108
"1202","E106","MARKANDEY
MAHADEV","BOULIA",1,48
"1203","E106","MARKANDEY
MAHADEV","CANTT RLY STATION",33,1584
"1204","E106","MARKANDEY
MAHADEV","CANTT RLY
STATION",18,1728
"1205","E106","MARKANDEY
MAHADEV","CHANDPUR
CHAURAHA",19,912
"1206","E106","MARKANDEY
MAHADEV","CHAUKAGHAT",6,258
"1207","E106","MARKANDEY
MAHADEV","CHUBEYPUR",5,110
"1208","E106","MARKANDEY
MAHADEV","JAGATPUR",1,54
"1209","E106","MARKANDEY
MAHADEV","PAHARIYA",2,86
"1210","E106","MARKANDEY
MAHADEV","PANDEYPUR",2,86
"1211","E106","MARKANDEY
MAHADEV","POLICE LINE",1,43
"1212","E106","MARKANDEY
MAHADEV","PURANA RTO",3,114
"1213","E106","MIRZAMURAD
BAZAR","CANTT RLY STATION",2,86
"1214","E106","MIRZAMURAD
BAZAR","CHANDPUR
CHAURAHA",1,38
"1215","E106","MIRZAMURAD
BAZAR","CHANDRAWATI",1,64
"1216","E106","MIRZAMURAD
BAZAR","CHUBEYPUR",2,118
"1217","E106","MIRZAMURAD
BAZAR","DHAKHAWA",1,64
"1218","E106","MIRZAMURAD
BAZAR","LAHARTARA",4,152
"1219","E106","MIRZAMURAD
BAZAR","LEDHUPUR",2,96
"1220","E106","MIRZAMURAD
BAZAR","MARKANDEY
MAHADEV",1,65
"1221","E106","MIRZAMURAD
BAZAR","PAHARIYA",3,129
"1222","E106","MIRZAMURAD
BAZAR","POLICE LINE",5,215
"1223","E106","MIRZAMURAD
BAZAR","UGAPUR",1,59
"1224","E106","MODHAILA","CANTT RLY STATION",2,34
"1225","E106","MODHAILA","LAHARTARA",1,17
"1226","E106","MODHAILA","MIRZAMURAD
BAZAR",3,99
"1227","E106","MODHAILA","POLICE LINE",1,22
"1228","E106","MODHAILA","RAKHAUNA",1,27
"1229","E106","MOHANSARAI","CANTT RLY STATION",16,432
"1230","E106","MOHANSARAI","CANTT RLY
STATION",8,216
"1231","E106","MOHANSARAI","CHANDPUR
CHAURAHA",1,22
"1232","E106","MOHANSARAI","CHUBEYPUR",1,48
"1233","E106","MOHANSARAI","DHAKHAWA",2,108
"1234","E106","MOHANSARAI","LEDHUPUR",1,38
"1235","E106","MOHANSARAI","MARKANDEY
MAHADEV",2,118
"1236","E106","MOHANSARAI","PAHARIYA",1,33
"1237","E106","MOHANSARAI","PURANA RTO",2,76
"1238","E106","PAHARIYA","CANTT RLY STATION",9,153
"1239","E106","PAHARIYA","CHANDPUR
CHAURAHA",2,44
"1240","E106","PAHARIYA","CHUBEYPUR",3,99
"1241","E106","PAHARIYA","JAGATPUR",1,33
"1242","E106","PAHARIYA","KAITHI",4,172
"1243","E106","PAHARIYA","LEDHUPUR",4,68
"1244","E106","PAHARIYA","MIRZAMURAD BAZAR",4,172
"1245","E106","PAHARIYA","MIRZAMURAD
BAZAR",1,43
"1246","E106","PAHARIYA","ROHANIA",2,54
"1247","E106","PAHARIYA","SWARVED MANDIR",1,22
"1248","E106","PAHARIYA","UGAPUR",2,66
"1249","E106","PANDEYPUR","CANTT RLY STATION",1,17
"1250","E106","PANDEYPUR","CHANDPUR
CHAURAHA",3,66
"1251","E106","PANDEYPUR","CHIRAIGAON BLOCK",2,44
"1252","E106","PANDEYPUR","CHUBEYPUR",3,99
"1253","E106","PANDEYPUR","DUBKIYA",1,27
"1254","E106","PANDEYPUR","KAITHI",8,344
"1255","E106","PANDEYPUR","LEDHUPUR",5,85
"1256","E106","PANDEYPUR","MARKANDEY
MAHADEV",4,172
"1257","E106","PANDEYPUR","MODHAILA",2,44
"1258","E106","PANDEYPUR","MOHANSARAI",2,66
"1259","E106","PANDEYPUR","SAHAPUR",2,66
"1260","E106","PANDEYPUR","UGAPUR",1,33
"1261","E106","PANDEYPUR","UMARAHA",2,44
"1262","E106","POLICE LINE","ASAPUR",3,51
"1263","E106","POLICE LINE","CANTT RLY STATION",2,24
"1264","E106","POLICE LINE","CANTT RLY
STATION",3,36
"1265","E106","POLICE LINE","CHANDRAWATI",4,152
"1266","E106","POLICE LINE","CHIRAIGAON BLOCK",1,22
"1267","E106","POLICE LINE","CHUBEYPUR",8,264
"1268","E106","POLICE LINE","KAITHI",3,129
"1269","E106","POLICE LINE","PURANA RTO",1,17
"1270","E106","POLICE LINE","UMARAHA",3,81
"1271","E106","PURANA RTO","BOULIA",1,22
"1272","E106","PURANA RTO","CHUBEYPUR",1,27
"1273","E106","PURANA RTO","KAITHI",2,76
"1274","E106","PURANA RTO","MODHAILA",1,27
"1275","E106","RAJATALAB","ASAPUR",1,43
"1276","E106","RAJATALAB","BOULIA",2,54
"1277","E106","RAJATALAB","CANTT RLY STATION",4,132
"1278","E106","RAJATALAB","CANTT RLY
STATION",7,231
"1279","E106","RAJATALAB","CHANDRAWATI",2,108
"1280","E106","RAJATALAB","CHAUKAGHAT",2,66
"1281","E106","RAJATALAB","KHAJURI",2,66
"1282","E106","RAJATALAB","MODHAILA",1,27
"1283","E106","RAJATALAB","PURANA RTO",2,76
"1284","E106","RAKHAUNA","CANTT RLY
STATION",1,38
"1285","E106","ROHANIA","CANTT RLY STATION",7,154
"1286","E106","ROHANIA","LAHARTARA",1,17
"1287","E106","ROHANIA","MIRZAMURAD
BAZAR",1,33
"1288","E106","ROHANIA","PAHARIYA",4,108
"1289","E106","SADHU KI KUTIYA","ASAPUR",1,43
"1290","E106","SADHU KI KUTIYA","BHULLANPUR",1,33
"1291","E106","SADHU KI KUTIYA","CANTT RLY STATION",9,342
"1292","E106","SADHU KI KUTIYA","CANTT RLY
STATION",3,114
"1293","E106","SADHU KI KUTIYA","KHAJURI",2,76
"1294","E106","SADHU KI KUTIYA","MODHAILA",1,33
"1295","E106","SADHU KI KUTIYA","RAJATALAB",1,17
"1296","E106","SAHABABAD","BOULIA",1,22
"1297","E106","SAHABABAD","CANTT RLY STATION",6,162
"1298","E106","SAHABABAD","CANTT RLY
STATION",1,27
"1299","E106","SAHABABAD","KHAJURI",1,27
"1300","E106","SAHABABAD","PAHARIYA",2,66
"1301","E106","SAHABABAD","RAJATALAB",1,17
"1302","E106","SAHAPUR","CANTT RLY STATION",5,165
"1303","E106","SAHAPUR","CANTT RLY
STATION",2,66
"1304","E106","SAHAPUR","CHANDPUR
CHAURAHA",2,76
"1305","E106","SAHAPUR","LAHARTARA",2,76
"1306","E106","SAHAPUR","MODHAILA",3,129
"1307","E106","SAHAPUR","PAHARIYA",1,27
"1308","E106","SAHAPUR","RAJATALAB",5,240
"1309","E106","SWARVED MANDIR","CANTT RLY STATION",1,33
"1310","E106","SWARVED MANDIR","CHUBEYPUR",1,17
"1311","E106","UGAPUR","CANTT RLY STATION",1,38
"1312","E106","UGAPUR","CANTT RLY
STATION",2,76
"1313","E106","UGAPUR","PANDEYPUR",4,132
"1314","E106","UGAPUR","POLICE LINE",1,38
"1315","E106","UMARAHA","CANTT RLY STATION",6,162
"1316","E106","UMARAHA","CANTT RLY
STATION",3,81
"1317","E106","UMARAHA","CHANDPUR
CHAURAHA",1,33
"1318","E106","UMARAHA","PANDEYPUR",1,22
"1319","E107
(A)","AHSAPUR","CANTT RLY STATION",3,66
"1320","E107
(A)","AHSAPUR","POLICE LINE",1,17
"1321","E107
(A)","AHSAPUR","SADHU KI KUTIYA",2,86
"1322","E107
(A)","BHULLANPUR","CANTT RLY STATION",9,198
"1323","E107
(A)","BHULLANPUR","CANTT RLY
STATION",5,110
"1324","E107
(A)","BHULLANPUR","PAHARIYA",2,54
"1325","E107
(A)","BHULLANPUR","POLICE LINE",1,22
"1326","E107
(A)","BOULIA","CANTT RLY STATION",2,24
"1327","E107
(A)","BOULIA","CANTT RLY
STATION",1,12
"1328","E107
(A)","BOULIA","RAJATALAB",1,27
"1329","E107
(A)","BOULIA","ROHANIA",1,17
"1330","E107
(A)","CANTT RLY STATION","AHSAPUR",4,88
"1331","E107
(A)","CANTT RLY STATION","BHULLANPUR",2,44
"1332","E107
(A)","CANTT RLY STATION","CHANDPUR
CHAURAHA",4,68
"1333","E107
(A)","CANTT RLY STATION","JAGATPUR",6,132
"1334","E107
(A)","CANTT RLY STATION","KIT",4,152
"1335","E107
(A)","CANTT RLY STATION","MIRZAMURAD BAZAR",4,172
"1336","E107
(A)","CANTT RLY STATION","MIRZAMURAD
BAZAR",7,301
"1337","E107
(A)","CANTT RLY STATION","MODHAILA",4,68
"1338","E107
(A)","CANTT RLY STATION","MOHANSARAI",15,405
"1339","E107
(A)","CANTT RLY STATION","PAHARIYA",3,51
"1340","E107
(A)","CANTT RLY STATION","PANDEYPUR",1,17
"1341","E107
(A)","CANTT RLY STATION","RAJATALAB",10,330
"1342","E107
(A)","CANTT RLY STATION","ROHANIA",7,154
"1343","E107
(A)","CANTT RLY STATION","SADHU KI KUTIYA",1,38
"1344","E107
(A)","CANTT RLY STATION","SAHABABAD",3,81
"1345","E107
(A)","CANTT RLY STATION","SARNATH MUSEAM",12,264
"1346","E107
(A)","CANTT RLY
STATION","AHSAPUR",3,66
"1347","E107
(A)","CANTT RLY
STATION","CHANDPUR
CHAURAHA",1,17
"1348","E107
(A)","CANTT RLY
STATION","MIRZAMURAD
BAZAR",1,43
"1349","E107
(A)","CANTT RLY
STATION","MOHANSARAI",4,108
"1350","E107
(A)","CANTT RLY
STATION","PAHARIYA",1,17
"1351","E107
(A)","CANTT RLY
STATION","RAJATALAB",2,66
"1352","E107
(A)","CANTT RLY
STATION","SAHABABAD",1,27
"1353","E107
(A)","CANTT RLY
STATION","SARNATH MUSEAM",5,110
"1354","E107
(A)","CHANDPUR
CHAURAHA","CANTT RLY STATION",1,17
"1355","E107
(A)","CHANDPUR
CHAURAHA","JAGATPUR",1,17
"1356","E107
(A)","CHANDPUR
CHAURAHA","KIT",1,33
"1357","E107
(A)","CHANDPUR
CHAURAHA","PAHARIYA",2,44
"1358","E107
(A)","CHANDPUR
CHAURAHA","PANDEYPUR",1,22
"1359","E107
(A)","CHAUKAGHAT","MOHANSARAI",1,33
"1360","E107
(A)","HAVELIYA CHAURAHA","MIRZAMURAD BAZAR",1,48
"1361","E107
(A)","HAVELIYA
CHAURAHA","POLICE LINE",1,17
"1362","E107
(A)","JAGATPUR","CANTT RLY STATION",1,22
"1363","E107
(A)","JAGATPUR","CANTT RLY
STATION",1,22
"1364","E107
(A)","JAGATPUR","MODHAILA",1,17
"1365","E107
(A)","JAGATPUR","RAJATALAB",1,22
"1366","E107
(A)","KHAJURI","AHSAPUR",1,17
"1367","E107
(A)","KIT","CANTT RLY STATION",22,836
"1368","E107
(A)","KIT","CANTT RLY
STATION",1,38
"1369","E107
(A)","KIT","CHANDPUR
CHAURAHA",1,33
"1370","E107
(A)","LAHARTARA","CHANDPUR
CHAURAHA",2,24
"1371","E107
(A)","MIRZAMURAD BAZAR","AHSAPUR",1,48
"1372","E107
(A)","MIRZAMURAD BAZAR","CANTT RLY STATION",4,172
"1373","E107
(A)","MIRZAMURAD BAZAR","CHANDPUR
CHAURAHA",1,38
"1374","E107
(A)","MIRZAMURAD BAZAR","CHAUKAGHAT",2,86
"1375","E107
(A)","MIRZAMURAD BAZAR","PANDEYPUR",2,86
"1376","E107
(A)","MIRZAMURAD
BAZAR","CANTT RLY
STATION",5,215
"1377","E107
(A)","MODHAILA","MIRZAMURAD
BAZAR",1,33
"1378","E107
(A)","MODHAILA","SARNATH MUSEAM",3,99
"1379","E107
(A)","MOHANSARAI","CANTT RLY STATION",8,216
"1380","E107
(A)","MOHANSARAI","CANTT RLY
STATION",8,216
"1381","E107
(A)","MOHANSARAI","CHANDPUR
CHAURAHA",1,22
"1382","E107
(A)","MOHANSARAI","MODHAILA",1,22
"1383","E107
(A)","MOHANSARAI","PANDEYPUR",3,99
"1384","E107
(A)","MOHANSARAI","POLICE LINE",4,132
"1385","E107
(A)","PAHARIYA","CANTT RLY STATION",1,17
"1386","E107
(A)","PAHARIYA","POLICE LINE",1,12
"1387","E107
(A)","PAHARIYA","SARNATH MUSEAM",2,34
"1388","E107
(A)","PANDEYPUR","AHSAPUR",1,17
"1389","E107
(A)","PANDEYPUR","BHULLANPUR",1,27
"1390","E107
(A)","PANDEYPUR","CANTT RLY STATION",1,17
"1391","E107
(A)","PANDEYPUR","RAJATALAB",1,38
"1392","E107
(A)","PANDEYPUR","SAHABABAD",2,66
"1393","E107
(A)","PANDEYPUR","SARNATH MUSEAM",1,17
"1394","E107
(A)","POLICE LINE","AHSAPUR",1,17
"1395","E107
(A)","PURANA RTO","CANTT RLY STATION",1,22
"1396","E107
(A)","RAJATALAB","BOULIA",2,54
"1397","E107
(A)","RAJATALAB","CANTT RLY STATION",5,165
"1398","E107
(A)","RAJATALAB","CANTT RLY
STATION",2,66
"1399","E107
(A)","RAJATALAB","CHANDPUR
CHAURAHA",3,81
"1400","E107
(A)","RAJATALAB","LAHARTARA",1,33
"1401","E107
(A)","RAJATALAB","PAHARIYA",1,38
"1402","E107
(A)","RAJATALAB","PANDEYPUR",5,190
"1403","E107
(A)","RAJATALAB","POLICE LINE",3,114
"1404","E107
(A)","RAJATALAB","ROHANIA",2,44
"1405","E107
(A)","RAKHAUNA","BHULLANPUR",1,27
"1406","E107
(A)","RAKHAUNA","CANTT RLY STATION",1,38
"1407","E107
(A)","RAKHAUNA","CHANDPUR
CHAURAHA",1,33
"1408","E107
(A)","ROHANIA","CANTT RLY STATION",2,44
"1409","E107
(A)","ROHANIA","CANTT RLY
STATION",1,22
"1410","E107
(A)","ROHANIA","MIRZAMURAD
BAZAR",3,99
"1411","E107
(A)","ROHANIA","PAHARIYA",1,27
"1412","E107
(A)","SADHU KI KUTIYA","BOULIA",1,33
"1413","E107
(A)","SADHU KI KUTIYA","CANTT RLY STATION",4,152
"1414","E107
(A)","SADHU KI KUTIYA","CANTT RLY
STATION",4,152
"1415","E107
(A)","SADHU KI KUTIYA","PAHARIYA",1,43
"1416","E107
(A)","SADHU KI KUTIYA","ROHANIA",1,27
"1417","E107
(A)","SAHABABAD","CANTT RLY STATION",1,27
"1418","E107
(A)","SAHABABAD","PAHARIYA",1,33
"1419","E107
(A)","SARNATH MUSEAM","CANTT RLY STATION",30,660
"1420","E107
(A)","SARNATH MUSEAM","CANTT RLY
STATION",2,44
"1421","E107
(A)","SARNATH MUSEAM","MIRZAMURAD BAZAR",2,96
"1422","E107
(A)","SARNATH MUSEAM","PANDEYPUR",3,51
"1423","E107
(A)","SARNATH MUSEAM","ROHANIA",1,33
"1424","E107
(B)","AHSAPUR","CANTT RLY STATION",10,220
"1425","E107
(B)","AHSAPUR","CANTT RLY
STATION",1,22
"1426","E107
(B)","AHSAPUR","DURGA KUND",1,27
"1427","E107
(B)","AHSAPUR","LANKA",11,363
"1428","E107
(B)","AHSAPUR","PAHARIYA",1,12
"1429","E107
(B)","AHSAPUR","PANDEYPUR",1,17
"1430","E107
(B)","AHSAPUR","SIGRA",3,66
"1431","E107
(B)","BHELUPUR","CANTT RLY STATION",3,51
"1432","E107
(B)","BHELUPUR","LANKA",2,34
"1433","E107
(B)","BHELUPUR","SARNATH MUSEAM",1,27
"1434","E107
(B)","BHELUPUR","SIGRA",1,12
"1435","E107
(B)","BHELUPUR","VIDYAPEETH",1,12
"1436","E107
(B)","CANTT RLY STATION","AHSAPUR",10,220
"1437","E107
(B)","CANTT RLY STATION","BHELUPUR",8,136
"1438","E107
(B)","CANTT RLY STATION","DURGA KUND",15,255
"1439","E107
(B)","CANTT RLY STATION","LANKA",41,902
"1440","E107
(B)","CANTT RLY STATION","PAHARIYA",5,85
"1441","E107
(B)","CANTT RLY STATION","PANDEYPUR",1,12
"1442","E107
(B)","CANTT RLY STATION","RATHYATRA",4,48
"1443","E107
(B)","CANTT RLY STATION","RAVINDERPURI",3,51
"1444","E107
(B)","CANTT RLY STATION","SARNATH MUSEAM",6,132
"1445","E107
(B)","CANTT RLY
STATION","AHSAPUR",1,22
"1446","E107
(B)","CANTT RLY
STATION","DURGA KUND",6,102
"1447","E107
(B)","CANTT RLY
STATION","LANKA",20,440
"1448","E107
(B)","CANTT RLY
STATION","RAVINDERPURI",1,17
"1449","E107
(B)","CANTT RLY
STATION","SARNATH MUSEAM",7,154
"1450","E107
(B)","CHAUKAGHAT","SARNATH MUSEAM",2,44
"1451","E107
(B)","DURGA KUND","CANTT RLY STATION",1,17
"1452","E107
(B)","DURGA KUND","PANDEYPUR",2,44
"1453","E107
(B)","DURGA KUND","SARNATH MUSEAM",5,165
"1454","E107
(B)","HAVELIYA CHAURAHA","CANTT RLY STATION",1,22
"1455","E107
(B)","HAVELIYA
CHAURAHA","CANTT RLY STATION",4,88
"1456","E107
(B)","HAVELIYA
CHAURAHA","CANTT RLY
STATION",1,22
"1457","E107
(B)","HAVELIYA
CHAURAHA","VIDYAPEETH",1,22
"1458","E107
(B)","KHAJURI","CANTT RLY STATION",2,24
"1459","E107
(B)","LANKA","AHSAPUR",4,132
"1460","E107
(B)","LANKA","CANTT RLY STATION",64,1408
"1461","E107
(B)","LANKA","CANTT RLY
STATION",16,352
"1462","E107
(B)","LANKA","CHAUKAGHAT",10,220
"1463","E107
(B)","LANKA","HAVELIYA
CHAURAHA",1,33
"1464","E107
(B)","LANKA","KHAJURI",6,132
"1465","E107
(B)","LANKA","PAHARIYA",5,135
"1466","E107
(B)","LANKA","PANDEYPUR",13,351
"1467","E107
(B)","LANKA","RATHYATRA",9,153
"1468","E107
(B)","LANKA","SARNATH MUSEAM",18,594
"1469","E107
(B)","LANKA","SIGRA",12,204
"1470","E107
(B)","PAHARIYA","CANTT RLY STATION",5,85
"1471","E107
(B)","PAHARIYA","LANKA",7,189
"1472","E107
(B)","PAHARIYA","SARNATH RLY",1,17
"1473","E107
(B)","PANDEYPUR","AHSAPUR",2,34
"1474","E107
(B)","PANDEYPUR","CANTT RLY STATION",2,34
"1475","E107
(B)","PANDEYPUR","CANTT RLY
STATION",7,109
"1476","E107
(B)","PANDEYPUR","DURGA KUND",2,44
"1477","E107
(B)","PANDEYPUR","HAVELIYA
CHAURAHA",1,17
"1478","E107
(B)","PANDEYPUR","LANKA",4,108
"1479","E107
(B)","PANDEYPUR","RATHYATRA",1,22
"1480","E107
(B)","PANDEYPUR","RAVIDAS GATE",2,54
"1481","E107
(B)","PANDEYPUR","SARNATH MUSEAM",1,22
"1482","E107
(B)","PANDEYPUR","SIGRA",1,17
"1483","E107
(B)","PURANA RTO","LANKA",2,66
"1484","E107
(B)","PURANA RTO","PANDEYPUR",1,17
"1485","E107
(B)","PURANA RTO","SIGRA",1,22
"1486","E107
(B)","RATHYATRA","CANTT RLY STATION",1,12
"1487","E107
(B)","RATHYATRA","DURGA KUND",3,36
"1488","E107
(B)","RATHYATRA","LANKA",3,51
"1489","E107
(B)","RAVIDAS GATE","BHELUPUR",1,12
"1490","E107
(B)","RAVINDERPURI","AHSAPUR",1,27
"1491","E107
(B)","RAVINDERPURI","CANTT RLY STATION",6,102
"1492","E107
(B)","RAVINDERPURI","CANTT RLY
STATION",3,51
"1493","E107
(B)","RAVINDERPURI","HAVELIYA
CHAURAHA",2,54
"1494","E107
(B)","RAVINDERPURI","SIGRA",1,12
"1495","E107
(B)","SARNATH MUSEAM","CANTT RLY STATION",23,506
"1496","E107
(B)","SARNATH MUSEAM","CANTT RLY
STATION",13,286
"1497","E107
(B)","SARNATH MUSEAM","CHAUKAGHAT",1,22
"1498","E107
(B)","SARNATH MUSEAM","LANKA",24,792
"1499","E107
(B)","SARNATH MUSEAM","PANDEYPUR",2,34
"1500","E107
(B)","SARNATH MUSEAM","SIGRA",1,27
"1501","E107
(B)","SIGRA","BHELUPUR",2,24
"1502","E107
(B)","SIGRA","CANTT RLY STATION",1,12
"1503","E107
(B)","SIGRA","DURGA KUND",2,34
"1504","E107
(B)","SIGRA","LANKA",7,119
"1505","E107
(B)","SIGRA","RAVINDERPURI",1,12
"1506","E107
(B)","VIDYAPEETH","RAVINDERPURI",2,34
"1507","E110
(A)","BHULLANPUR","CANTT RLY STATION",1,22
"1508","E110
(A)","BHULLANPUR","CANTT RLY
STATION",4,88
"1509","E110
(A)","CANTT RLY STATION","CHETGANJ",2,34
"1510","E110
(A)","CANTT RLY STATION","GIRJAGHAR
CHAURAHA",13,221
"1511","E110
(A)","CANTT RLY STATION","RATHYATRA",1,12
"1512","E110
(A)","CANTT RLY
STATION","GIRJAGHAR
CHAURAHA",8,442
"1513","E110
(A)","CANTT RLY
STATION","RATHYATRA",3,36
"1514","E110
(A)","CHANDPUR
CHAURAHA","CANTT RLY STATION",2,34
"1515","E110
(A)","CHANDPUR
CHAURAHA","CANTT RLY
STATION",2,34
"1516","E110
(A)","CHETGANJ","CANTT RLY STATION",3,36
"1517","E110
(A)","CHETGANJ","CANTT RLY
STATION",1,12
"1518","E110
(A)","GIRJAGHAR
CHAURAHA","CANTT RLY STATION",60,1020
"1519","E110
(A)","GIRJAGHAR
CHAURAHA","CANTT RLY
STATION",14,238
"1520","E110
(A)","GIRJAGHAR
CHAURAHA","CHAUKAGHAT",13,156
"1521","E110
(A)","KIT","CANTT RLY
STATION",1,38
"1522","E110
(A)","KIT","CHANDPUR
CHAURAHA",2,66
"1523","E110
(A)","KIT","RAJATALAB",2,34
"1524","E110
(A)","LAHARTARA","CANTT RLY STATION",1,12
"1525","E110
(A)","MIRZAMURAD
BAZAR","CHANDPUR
CHAURAHA",1,38
"1526","E110
(A)","MODHAILA","CANTT RLY STATION",1,17
"1527","E110
(A)","MOHANSARAI","BOULIA",1,27
"1528","E110
(A)","MOHANSARAI","CANTT RLY STATION",1,27
"1529","E110
(A)","MOHANSARAI","CANTT RLY
STATION",6,162
"1530","E110
(A)","MOHANSARAI","CHANDPUR
CHAURAHA",1,22
"1531","E110
(A)","RAJATALAB","CANTT RLY STATION",3,99
"1532","E110
(A)","RAJATALAB","CANTT RLY
STATION",3,99
"1533","E110
(A)","RAJATALAB","MODHAILA",1,27
"1534","E110
(A)","RAJATALAB","ROHANIA",2,44
"1535","E110
(A)","RAKHAUNA","BHULLANPUR",1,27
"1536","E110
(A)","ROHANIA","BOULIA",1,17
"1537","E110
(A)","ROHANIA","CANTT RLY STATION",1,22
"1538","E110
(A)","ROHANIA","CANTT RLY
STATION",3,66
"1539","E110
(A)","ROHANIA","LAHARTARA",2,34
"1540","E110
(A)","SADHU KI KUTIYA","CANTT RLY STATION",1,38
"1541","E110
(A)","SADHU KI
KUTIYA","BOULIA",1,33
"1542","E110
(A)","SADHU KI
KUTIYA","CANTT RLY
STATION",7,266
"1543","E110
(A)","SAHABABAD","CANTT RLY STATION",1,27
"1544","E110
(A)","SAHABABAD","CANTT RLY
STATION",2,54
"1545","E110
(A)","SIGRA","GIRJAGHAR
CHAURAHA",2,24
"1546","E110
(A)","SIGRA","LAHURABIR",1,17
"1547","E110
(B)","CANTT RLY STATION","CHETGANJ",1,17
"1548","E110
(B)","CANTT RLY STATION","GIRJAGHAR
CHAURAHA",24,408
"1549","E110
(B)","CANTT RLY STATION","MAIDAGIN",4,68
"1550","E110
(B)","CANTT RLY STATION","RATHYATRA",5,60
"1551","E110
(B)","CANTT RLY STATION","SIGRA",2,24
"1552","E110
(B)","CANTT RLY
STATION","CHAUKAGHAT",1,22
"1553","E110
(B)","CANTT RLY
STATION","GIRJAGHAR
CHAURAHA",4,68
"1554","E110
(B)","CHETGANJ","CANTT RLY STATION",3,36
"1555","E110
(B)","CHETGANJ","CHAUKAGHAT",3,36
"1556","E110
(B)","GIRJAGHAR
CHAURAHA","CANTT RLY STATION",140,2380
"1557","E110
(B)","GIRJAGHAR
CHAURAHA","CANTT RLY
STATION",53,901
"1558","E110
(B)","GIRJAGHAR
CHAURAHA","CHAUKAGHAT",38,456
"1559","E110
(B)","GIRJAGHAR
CHAURAHA","LAHURABIR",3,36
"1560","E110
(B)","GIRJAGHAR
CHAURAHA","TALIYABHAG",2,24
"1561","E110
(B)","GOLGADDA","CANTT RLY STATION",1,12
"1562","E110
(B)","LAHURABIR","CANTT RLY STATION",1,12
"1563","E110
(B)","LAHURABIR","CHAUKAGHAT",1,12
"1564","E110
(B)","LAHURABIR","MAIDAGIN",1,12
"1565","E110
(B)","MALDAHIYA","GOLGADDA",1,17
"1566","E110
(B)","MALDAHIYA","MAIDAGIN",1,12
"1567","E110
(B)","SIGRA","GIRJAGHAR
CHAURAHA",1,12
"1568","E110
(B)","VIDYAPEETH","GIRJAGHAR
CHAURAHA",9,108
"1569","E110
(B)","VIDYAPEETH","RATHYATRA",1,12
"1570","E110
(C)","BHULLANPUR","MOHANSARAI",1,22
"1571","E110
(C)","BHULLANPUR","RAJATALAB",1,22
"1572","E110
(C)","BOULIA","MOHANSARAI",1,27
"1573","E110
(C)","BOULIA","RAJATALAB",1,27
"1574","E110
(C)","CANTT RLY STATION","BHULLANPUR",3,66
"1575","E110
(C)","CANTT RLY STATION","BOULIA",4,48
"1576","E110
(C)","CANTT RLY STATION","CHANDPUR
CHAURAHA",7,119
"1577","E110
(C)","CANTT RLY STATION","JAGATPUR",1,22
"1578","E110
(C)","CANTT RLY STATION","KIT",6,228
"1579","E110
(C)","CANTT RLY STATION","LAHARTARA",2,24
"1580","E110
(C)","CANTT RLY STATION","MIRZAMURAD BAZAR",2,86
"1581","E110
(C)","CANTT RLY STATION","MIRZAMURAD
BAZAR",3,129
"1582","E110
(C)","CANTT RLY STATION","MODHAILA",3,51
"1583","E110
(C)","CANTT RLY STATION","MOHANSARAI",9,243
"1584","E110
(C)","CANTT RLY STATION","RAJATALAB",7,231
"1585","E110
(C)","CANTT RLY STATION","RAKHAUNA",2,76
"1586","E110
(C)","CANTT RLY STATION","ROHANIA",7,154
"1587","E110
(C)","CANTT RLY STATION","SADHU KI KUTIYA",3,114
"1588","E110
(C)","CANTT RLY
STATION","BHULLANPUR",2,44
"1589","E110
(C)","CANTT RLY
STATION","JAGATPUR",1,22
"1590","E110
(C)","CANTT RLY
STATION","MIRZAMURAD
BAZAR",3,129
"1591","E110
(C)","CANTT RLY
STATION","MOHANSARAI",6,162
"1592","E110
(C)","CANTT RLY
STATION","RAJATALAB",1,33
"1593","E110
(C)","CANTT RLY
STATION","ROHANIA",5,110
"1594","E110
(C)","CANTT RLY
STATION","SADHU KI
KUTIYA",1,38
"1595","E110
(C)","CANTT RLY
STATION","SAHABABAD",1,27
"1596","E110
(C)","GIRJAGHAR
CHAURAHA","CANTT RLY
STATION",20,340
"1597","E110
(C)","GIRJAGHAR
CHAURAHA","CHANDPUR
CHAURAHA",2,44
"1598","E110
(C)","GIRJAGHAR
CHAURAHA","CHAUKAGHAT",6,72
"1599","E110
(C)","LAHARTARA","ROHANIA",1,17
"1600","E110
(C)","ROHANIA","MIRZAMURAD
BAZAR",1,33
"1601","E110
(C)","ROHANIA","RAJATALAB",1,22
"1602","Route No.
(E105) FG","ALLOPUR","PANDEYPUR",3,66
"1603","Route No.
(E105) FG","BALRAMGANJ","CANTT RLY
STATION",4,152
"1604","Route No.
(E105) FG","BALRAMGANJ","MIRZAMURAD
BAZAR",2,128
"1605","Route No.
(E105) FG","BALRAMGANJ","MOHANSARAI",3,162
"1606","Route No.
(E105) FG","BANIYAPUR","CHOLAPUR",1,22
"1607","Route No.
(E105) FG","BANIYAPUR","DANGANJ",2,66
"1608","Route No.
(E105) FG","BANIYAPUR","LAHARTARA",1,22
"1609","Route No.
(E105) FG","BELWABABA","CANTT RLY
STATION",3,66
"1610","Route No.
(E105) FG","BELWABABA","CHAMRAHA",2,34
"1611","Route No.
(E105) FG","BELWABABA","DANGANJ",5,190
"1612","Route No.
(E105) FG","BELWABABA","MOHAV",1,22
"1613","Route No.
(E105) FG","BHULLANPUR","BELWABABA",1,27
"1614","Route No.
(E105) FG","BHULLANPUR","CANTT RLY
STATION",1,22
"1615","Route No.
(E105) FG","BHULLANPUR","RAJATALAB",2,44
"1616","Route No.
(E105) FG","BOULIA","DANGANJ",1,43
"1617","Route No.
(E105) FG","BOULIA","MIRZAMURAD
BAZAR",1,38
"1618","Route No.
(E105) FG","BOULIA","MOHANSARAI",1,27
"1619","Route No.
(E105) FG","BOULIA","RAJATALAB",1,27
"1620","Route No.
(E105) FG","CANTT RLY
STATION","ALLOPUR",1,27
"1621","Route No.
(E105) FG","CANTT RLY
STATION","BALRAMGANJ",6,228
"1622","Route No.
(E105) FG","CANTT RLY
STATION","BANIYAPUR",1,22
"1623","Route No.
(E105) FG","CANTT RLY
STATION","BHULLANPUR",1,22
"1624","Route No.
(E105) FG","CANTT RLY
STATION","CHANDPUR
CHAURAHA",6,102
"1625","Route No.
(E105) FG","CANTT RLY
STATION","CHOLAPUR",3,99
"1626","Route No.
(E105) FG","CANTT RLY
STATION","DANGANJ",11,473
"1627","Route No.
(E105) FG","CANTT RLY
STATION","DHARSAUNA",1,38
"1628","Route No.
(E105) FG","CANTT RLY
STATION","GOSHIPUR",5,135
"1629","Route No.
(E105) FG","CANTT RLY
STATION","JAGATPUR",14,308
"1630","Route No.
(E105) FG","CANTT RLY
STATION","KIT",2,76
"1631","Route No.
(E105) FG","CANTT RLY
STATION","MIRZAMURAD
BAZAR",17,731
"1632","Route No.
(E105) FG","CANTT RLY
STATION","MODHAILA",3,51
"1633","Route No.
(E105) FG","CANTT RLY
STATION","MOHANSARAI",22,594
"1634","Route No.
(E105) FG","CANTT RLY
STATION","RAJATALAB",31,1023
"1635","Route No.
(E105) FG","CANTT RLY
STATION","ROHANIA",7,154
"1636","Route No.
(E105) FG","CANTT RLY
STATION","SADHU KI KUTIYA",3,114
"1637","Route No.
(E105) FG","CANTT RLY
STATION","SADHU KI
KUTIYA",4,152
"1638","Route No.
(E105) FG","CANTT RLY
STATION","SAHABABAD",2,54
"1639","Route No.
(E105) FG","CHAMRAHA","CANTT RLY
STATION",20,540
"1640","Route No.
(E105) FG","CHAMRAHA","PANDEYPUR",1,22
"1641","Route No.
(E105) FG","CHAMRAHA","POLICE LINE",2,44
"1642","Route No.
(E105) FG","CHANDPUR
CHAURAHA","BALRAMGANJ",1,43
"1643","Route No.
(E105) FG","CHANDPUR
CHAURAHA","CANTT RLY
STATION",5,85
"1644","Route No.
(E105) FG","CHANDPUR
CHAURAHA","KIT",1,33
"1645","Route No.
(E105) FG","CHANDPUR
CHAURAHA","MIRZAMURAD
BAZAR",3,114
"1646","Route No.
(E105) FG","CHANDPUR
CHAURAHA","MOHANSARAI",3,66
"1647","Route No.
(E105) FG","CHANDPUR
CHAURAHA","PANDEYPUR",3,66
"1648","Route No.
(E105) FG","CHANDPUR
CHAURAHA","RAJATALAB",1,27
"1649","Route No.
(E105) FG","CHANDPUR
CHAURAHA","SADHU KI
KUTIYA",1,33
"1650","Route No.
(E105) FG","CHAUKAGHAT","DANGANJ",1,43
"1651","Route No.
(E105) FG","CHAUKAGHAT","KIT",1,38
"1652","Route No.
(E105) FG","CHAUKAGHAT","MIRZAMURAD
BAZAR",1,43
"1653","Route No.
(E105) FG","CHOLAPUR","BANIYAPUR",1,22
"1654","Route No.
(E105) FG","CHOLAPUR","BELWABABA",1,27
"1655","Route No.
(E105) FG","CHOLAPUR","CANTT RLY
STATION",6,198
"1656","Route No.
(E105) FG","CHOLAPUR","DANGANJ",1,22
"1657","Route No.
(E105) FG","CHOLAPUR","PANDEYPUR",1,27
"1658","Route No.
(E105) FG","DANGANJ","BANIYAPUR",1,33
"1659","Route No.
(E105) FG","DANGANJ","BHULLANPUR",1,48
"1660","Route No.
(E105) FG","DANGANJ","BOULIA",4,172
"1661","Route No.
(E105) FG","DANGANJ","CANTT RLY
STATION",35,2279
"1662","Route No.
(E105) FG","DANGANJ","CHANDPUR
CHAURAHA",1,48
"1663","Route No.
(E105) FG","DANGANJ","CHOLAPUR",1,22
"1664","Route No.
(E105) FG","DANGANJ","PANDEYPUR",8,304
"1665","Route No.
(E105) FG","DANGANJ","POLICE LINE",11,418
"1666","Route No.
(E105) FG","DANGANJ","ROHANIA",2,96
"1667","Route No.
(E105) FG","DHARSAUNA","BELWABABA",1,27
"1668","Route No.
(E105) FG","DHARSAUNA","CANTT RLY
STATION",3,114
"1669","Route No.
(E105) FG","DHARSAUNA","CHAUKAGHAT",2,66
"1670","Route No.
(E105) FG","DHARSAUNA","DANGANJ",3,66
"1671","Route No.
(E105) FG","DHARSAUNA","JAGATPUR",2,86
"1672","Route No.
(E105) FG","DHARSAUNA","PANDEYPUR",1,33
"1673","Route No.
(E105) FG","GOSHIPUR","CANTT RLY
STATION",1,27
"1674","Route No.
(E105) FG","GOSHIPUR","CHOLAPUR",1,17
"1675","Route No.
(E105) FG","GOSHIPUR","PANDEYPUR",5,110
"1676","Route No.
(E105) FG","JAGATPUR","CANTT RLY
STATION",5,110
"1677","Route No.
(E105) FG","JAGATPUR","CHANDPUR
CHAURAHA",1,17
"1678","Route No.
(E105) FG","JAGATPUR","POLICE LINE",1,27
"1679","Route No.
(E105) FG","KATARI","CANTT RLY
STATION",1,38
"1680","Route No.
(E105) FG","KATARI","CHANDPUR
CHAURAHA",2,86
"1681","Route No.
(E105) FG","KIT","CANTT RLY
STATION",4,152
"1682","Route No.
(E105) FG","LAHARTARA","BANIYAPUR",1,22
"1683","Route No.
(E105) FG","LAHARTARA","CHANDPUR
CHAURAHA",1,12
"1684","Route No.
(E105) FG","LAHARTARA","CHOLAPUR",1,38
"1685","Route No.
(E105) FG","LAHARTARA","MOHANSARAI",2,54
"1686","Route No.
(E105) FG","LAHARTARA","RAKHAUNA",2,66
"1687","Route No.
(E105) FG","LALPUR","BALRAMGANJ",1,33
"1688","Route No.
(E105) FG","LALPUR","CANTT RLY
STATION",1,17
"1689","Route No.
(E105) FG","LALPUR","DANGANJ",4,152
"1690","Route No.
(E105) FG","LALPUR","RAJATALAB",4,152
"1691","Route No.
(E105) FG","MAHAVIR","DANGANJ",1,33
"1692","Route No.
(E105) FG","MIRZAMURAD E
STATION","CANTT RLY
STATION",3,129
"1693","Route No.
(E105) FG","MIRZAMURAD E
STATION","POLICE LINE",3,129
"1694","Route No.
(E105) FG","MIRZAMURAD E
STATION","RAJATALAB",1,22
"1695","Route No.
(E105) FG","MIRZAMURAD
BAZAR","CANTT RLY
STATION",12,516
"1696","Route No.
(E105) FG","MIRZAMURAD
BAZAR","LAHARTARA",4,152
"1697","Route No.
(E105) FG","MIRZAMURAD
BAZAR","LALPUR",5,215
"1698","Route No.
(E105) FG","MIRZAMURAD
BAZAR","PANDEYPUR",5,215
"1699","Route No.
(E105) FG","MODHAILA","CANTT RLY
STATION",6,102
"1700","Route No.
(E105) FG","MODHAILA","MOHANSARAI",1,22
"1701","Route No.
(E105) FG","MODHAILA","PANDEYPUR",1,22
"1702","Route No.
(E105) FG","MOHANSARAI","CANTT RLY
STATION",21,567
"1703","Route No.
(E105) FG","MOHANSARAI","CHANDPUR
CHAURAHA",1,22
"1704","Route No.
(E105) FG","MOHANSARAI","PANDEYPUR",1,33
"1705","Route No.
(E105) FG","MOHANSARAI","POLICE LINE",1,33
"1706","Route No.
(E105) FG","MOHAV","CANTT RLY
STATION",3,99
"1707","Route No.
(E105) FG","MOHAV","DANGANJ",1,27
"1708","Route No.
(E105) FG","MOHAV","KHAJURI",2,54
"1709","Route No.
(E105) FG","MOHAV","POLICE LINE",2,54
"1710","Route No.
(E105) FG","PANDEYPUR","BALRAMGANJ",3,114
"1711","Route No.
(E105) FG","PANDEYPUR","BANIYAPUR",1,17
"1712","Route No.
(E105) FG","PANDEYPUR","CANTT RLY
STATION",2,34
"1713","Route No.
(E105) FG","PANDEYPUR","CHAMRAHA",2,44
"1714","Route No.
(E105) FG","PANDEYPUR","DANGANJ",15,570
"1715","Route No.
(E105) FG","PANDEYPUR","DHARSAUNA",12,396
"1716","Route No.
(E105) FG","PANDEYPUR","GOSHIPUR",1,22
"1717","Route No.
(E105) FG","PANDEYPUR","MAHAVIR",1,17
"1718","Route No.
(E105) FG","PANDEYPUR","MIRZAMURAD
BAZAR",3,129
"1719","Route No.
(E105) FG","PANDEYPUR","MOHAV",4,108
"1720","Route No.
(E105) FG","PANDEYPUR","RAKHAUNA",2,76
"1721","Route No.
(E105) FG","PANDEYPUR","SADHU KI KUTIYA",1,43
"1722","Route No.
(E105) FG","POLICE LINE","CANTT RLY
STATION",2,24
"1723","Route No.
(E105) FG","POLICE LINE","DANGANJ",4,152
"1724","Route No.
(E105) FG","RAJATALAB","BOULIA",2,54
"1725","Route No.
(E105) FG","RAJATALAB","CANTT RLY
STATION",21,693
"1726","Route No.
(E105) FG","RAJATALAB","CHOLAPUR",1,48
"1727","Route No.
(E105) FG","RAJATALAB","JAGATPUR",1,22
"1728","Route No.
(E105) FG","RAJATALAB","KHAJURI",2,66
"1729","Route No.
(E105) FG","RAJATALAB","MODHAILA",1,27
"1730","Route No.
(E105) FG","RAJATALAB","PANDEYPUR",1,38
"1731","Route No.
(E105) FG","RAJATALAB","POLICE LINE",1,38
"1732","Route No.
(E105) FG","RAJATALAB","SADHU KI
KUTIYA",1,17
"1733","Route No.
(E105) FG","RAKHAUNA","PANDEYPUR",1,38
"1734","Route No.
(E105) FG","ROHANIA","CANTT RLY
STATION",1,22
"1735","Route No.
(E105) FG","ROHANIA","CHAUKAGHAT",1,22
"1736","Route No.
(E105) FG","ROHANIA","MIRZAMURAD
BAZAR",1,33
"1737","Route No.
(E105) FG","ROHANIA","POLICE LINE",1,27
"1738","Route No.
(E105) FG","SADHU KI KUTIYA","CANTT RLY
STATION",8,304
"1739","Route No.
(E105) FG","SADHU KI KUTIYA","CHANDPUR
CHAURAHA",2,66
"1740","Route No.
(E105) FG","SADHU KI KUTIYA","ROHANIA",1,27
"1741","Route No.
(E105) FG","SADHU KI
KUTIYA","CANTT RLY
STATION",1,38
"1742","Route No.
(E105) FG","SAHABABAD","CANTT RLY
STATION",2,54
"1743","Route No.
(E105) FG","SAHABABAD","LAHARTARA",1,22
